STATE,MRERD MORTGAGE REPAYMENTS (MONTHLY) RANGES,NEGATIVE INCOME,NIL INCOME,"$1-$149 ($1-$7,799)","$150-$299 ($7,800-$15,599)","$300-$399 ($15,600-$20,799)","$400-$499 ($20,800-$25,999)","$500-$649 ($26,000-$33,799)","$650-$799 ($33,800-$41,599)","$800-$999 ($41,600-$51,999)","$1,000-$1,249 ($52,000-$64,999)","$1,250-$1,499 ($65,000-$77,999)","$1,500-$1,749 ($78,000-$90,999)","$1,750-$1,999 ($91,000-$103,999)","$2,000-$2,499 ($104,000-$129,999)","$2,500-$2,999 ($130,000-$155,999)","$3,000-$3,499 ($156,000-$181,999)","$3,500-$3,999 ($182,000-$207,999)","$4,000-$4,499 ($208,000-$233,999)","$4,500-$4,999 ($234,000-$259,999)","$5,000-$5,999 ($260,000-$311,999)","$6,000-$7,999 ($312,000-$415,999)","$8,000 OR MORE ($416,000 OR MORE)",PARTIAL INCOME STATED,ALL INCOMES NOT STATED,NOT APPLICABLE,TOTAL,CENSUS_YEAR
New South Wales,Nil repayments,562.0,1787.0,665.0,1073.0,975.0,2559.0,2059.0,3948.0,3751.0,4735.0,4974.0,3675.0,4104.0,8223.0,6035.0,4610.0,4108.0,2767.0,2890.0,3266.0,3241.0,714.0,7421.0,748.0,68.0,78966.0,2016
New South Wales,$1-$149,36.0,120.0,112.0,207.0,122.0,469.0,403.0,829.0,851.0,1193.0,1210.0,1086.0,1088.0,2255.0,1723.0,1279.0,1049.0,779.0,788.0,754.0,637.0,125.0,1660.0,85.0,0.0,18876.0,2016
New South Wales,$150-$299,38.0,145.0,91.0,286.0,326.0,959.0,670.0,1418.0,1225.0,1613.0,1458.0,1273.0,1196.0,2175.0,1666.0,1276.0,955.0,665.0,650.0,721.0,451.0,78.0,1559.0,115.0,0.0,21015.0,2016
New South Wales,$300-$449,63.0,269.0,237.0,606.0,576.0,1700.0,1375.0,2900.0,2704.0,3633.0,3461.0,2743.0,2671.0,4871.0,3402.0,2435.0,1899.0,1296.0,1058.0,1127.0,888.0,171.0,3475.0,217.0,15.0,43788.0,2016
New South Wales,$450-$599,47.0,180.0,147.0,346.0,448.0,1336.0,1227.0,2529.0,2618.0,3265.0,3245.0,2588.0,2368.0,4556.0,3192.0,2056.0,1741.0,1172.0,903.0,841.0,664.0,107.0,3419.0,188.0,9.0,39207.0,2016
New South Wales,$600-$799,81.0,291.0,228.0,649.0,700.0,1916.0,2227.0,4138.0,4722.0,5941.0,6161.0,5393.0,5077.0,8933.0,5632.0,3682.0,2663.0,1956.0,1491.0,1391.0,892.0,176.0,6049.0,330.0,41.0,70726.0,2016
New South Wales,$800-$999,111.0,488.0,342.0,831.0,921.0,2231.0,2826.0,4730.0,6402.0,9059.0,9550.0,8100.0,7801.0,13712.0,9275.0,6035.0,3891.0,2673.0,2149.0,1773.0,1364.0,264.0,8950.0,451.0,30.0,103955.0,2016
New South Wales,"$1,000-$1,199",93.0,582.0,354.0,918.0,737.0,1907.0,2968.0,5032.0,7295.0,11123.0,12115.0,10740.0,10714.0,19370.0,13304.0,8423.0,6235.0,4016.0,3330.0,3126.0,2377.0,473.0,11453.0,413.0,35.0,137149.0,2016
New South Wales,"$1,200-$1,399",176.0,583.0,367.0,782.0,874.0,1993.0,3175.0,5588.0,8415.0,13785.0,15684.0,14694.0,14351.0,26546.0,17745.0,10748.0,6777.0,4405.0,3434.0,3187.0,2177.0,266.0,14337.0,514.0,74.0,170691.0,2016
New South Wales,"$1,400-$1,599",104.0,529.0,292.0,687.0,544.0,1252.0,2549.0,4361.0,7027.0,11969.0,14504.0,14569.0,14857.0,28124.0,18454.0,11897.0,7874.0,4583.0,4024.0,3320.0,2196.0,327.0,13226.0,465.0,69.0,167801.0,2016
New South Wales,"$1,600-$1,799",142.0,632.0,335.0,667.0,565.0,1349.0,2385.0,4459.0,7765.0,12830.0,16778.0,17511.0,18647.0,35901.0,24930.0,15083.0,9432.0,5400.0,4395.0,3679.0,2378.0,315.0,15682.0,503.0,108.0,201882.0,2016
New South Wales,"$1,800-$1,999",71.0,468.0,234.0,395.0,340.0,838.0,1352.0,2526.0,4240.0,8065.0,10706.0,12467.0,13502.0,28506.0,20441.0,12269.0,8017.0,4620.0,3505.0,3081.0,1711.0,213.0,11018.0,401.0,70.0,149072.0,2016
New South Wales,"$2,000-$2,199",212.0,1124.0,440.0,857.0,681.0,1507.0,2855.0,4552.0,7646.0,13451.0,18137.0,20565.0,22992.0,51407.0,39507.0,27048.0,19455.0,11733.0,10391.0,9202.0,6356.0,859.0,23979.0,704.0,108.0,295790.0,2016
New South Wales,"$2,200-$2,399",66.0,258.0,123.0,238.0,196.0,449.0,760.0,1414.0,2249.0,4534.0,6290.0,7910.0,9435.0,22656.0,18622.0,11736.0,8594.0,4871.0,4104.0,3471.0,2032.0,213.0,8489.0,246.0,24.0,118974.0,2016
New South Wales,"$2,400-$2,599",64.0,358.0,138.0,224.0,209.0,392.0,683.0,1060.0,1967.0,3381.0,4405.0,5146.0,6546.0,17966.0,15081.0,11306.0,8566.0,5550.0,5041.0,4413.0,3132.0,391.0,7382.0,186.0,27.0,103632.0,2016
New South Wales,"$2,600-$2,999",71.0,594.0,254.0,414.0,286.0,744.0,1279.0,2033.0,3741.0,6871.0,9754.0,11916.0,14717.0,39288.0,33647.0,26408.0,18100.0,11100.0,9739.0,8160.0,4899.0,589.0,16354.0,444.0,67.0,221480.0,2016
New South Wales,"$3,000-$3,999",127.0,1027.0,338.0,585.0,441.0,841.0,1462.0,2408.0,4176.0,7370.0,10395.0,12624.0,15636.0,45072.0,45629.0,40624.0,36694.0,24005.0,23734.0,22545.0,16265.0,1773.0,26382.0,670.0,144.0,340972.0,2016
New South Wales,"$4,000-$4,999",157.0,460.0,262.0,252.0,177.0,369.0,578.0,685.0,1183.0,2437.0,3302.0,3693.0,4981.0,13574.0,14441.0,15152.0,17233.0,12044.0,13937.0,14820.0,13651.0,1746.0,12420.0,311.0,78.0,147941.0,2016
New South Wales,$5000 and over,236.0,706.0,244.0,226.0,140.0,325.0,558.0,723.0,1081.0,1831.0,2242.0,2494.0,3298.0,8652.0,8997.0,9032.0,15197.0,10491.0,13559.0,17571.0,24741.0,3398.0,12420.0,271.0,84.0,138520.0,2016
New South Wales,Not stated,371.0,919.0,452.0,830.0,615.0,1563.0,1842.0,2942.0,3886.0,5602.0,6434.0,5952.0,6344.0,12204.0,9581.0,7001.0,5777.0,3916.0,3540.0,3531.0,3041.0,564.0,20894.0,12328.0,153.0,120284.0,2016
New South Wales,Not applicable,12172.0,59992.0,30060.0,72063.0,95252.0,228692.0,175264.0,327467.0,288477.0,354960.0,319528.0,247388.0,230615.0,417635.0,262653.0,174673.0,153713.0,88670.0,81798.0,85589.0,79371.0,16953.0,316163.0,104176.0,555010.0,4778322.0,2016
Victoria,Nil repayments,525.0,1954.0,722.0,1055.0,960.0,2166.0,1801.0,3398.0,3641.0,4720.0,4440.0,3782.0,3594.0,6730.0,4967.0,3488.0,3079.0,2121.0,1895.0,2071.0,2038.0,444.0,6066.0,765.0,29.0,66439.0,2016
Victoria,$1-$149,34.0,152.0,125.0,286.0,163.0,551.0,514.0,872.0,1004.0,1252.0,1290.0,1233.0,1202.0,2283.0,1651.0,1317.0,891.0,686.0,663.0,464.0,411.0,49.0,1435.0,79.0,0.0,18618.0,2016
Victoria,$150-$299,40.0,124.0,132.0,338.0,283.0,1003.0,847.0,1406.0,1517.0,1749.0,1712.0,1556.0,1330.0,2463.0,1750.0,1114.0,833.0,572.0,539.0,521.0,300.0,57.0,1955.0,160.0,11.0,22315.0,2016
Victoria,$300-$449,63.0,324.0,242.0,622.0,720.0,1924.0,1646.0,3073.0,3166.0,4266.0,3730.0,3286.0,3070.0,5245.0,3638.0,2326.0,1577.0,1047.0,911.0,794.0,529.0,64.0,3965.0,314.0,0.0,46544.0,2016
Victoria,$450-$599,45.0,202.0,138.0,525.0,577.0,1542.0,1474.0,2619.0,2885.0,3927.0,3774.0,3180.0,2777.0,5232.0,3784.0,2232.0,1460.0,1004.0,728.0,759.0,451.0,72.0,3618.0,219.0,20.0,43256.0,2016
Victoria,$600-$799,86.0,349.0,272.0,899.0,807.0,2235.0,2624.0,4506.0,5774.0,7413.0,7115.0,6202.0,5817.0,10055.0,6530.0,3695.0,2517.0,1555.0,1241.0,1020.0,625.0,66.0,6552.0,454.0,23.0,78421.0,2016
Victoria,$800-$999,68.0,477.0,362.0,975.0,909.0,2312.0,3320.0,5623.0,7547.0,10900.0,10691.0,9897.0,8785.0,15720.0,9869.0,5678.0,3793.0,2410.0,1797.0,1465.0,794.0,93.0,9647.0,577.0,18.0,113745.0,2016
Victoria,"$1,000-$1,199",157.0,751.0,499.0,1064.0,1024.0,2194.0,3984.0,5876.0,9332.0,13939.0,14754.0,13521.0,12747.0,22126.0,14901.0,8386.0,5699.0,3591.0,2953.0,2621.0,1554.0,267.0,12337.0,598.0,76.0,154962.0,2016
Victoria,"$1,200-$1,399",176.0,857.0,495.0,1087.0,951.0,2124.0,3745.0,6293.0,10383.0,16476.0,18448.0,17794.0,16954.0,29902.0,18858.0,10868.0,6396.0,4090.0,3082.0,2508.0,1485.0,166.0,15031.0,639.0,68.0,188871.0,2016
Victoria,"$1,400-$1,599",187.0,755.0,455.0,892.0,787.0,1734.0,2957.0,5042.0,9190.0,15225.0,18172.0,18248.0,18244.0,33079.0,20878.0,11921.0,7385.0,4245.0,3431.0,3134.0,1728.0,268.0,13557.0,600.0,30.0,192140.0,2016
Victoria,"$1,600-$1,799",132.0,700.0,452.0,794.0,711.0,1567.0,2730.0,4789.0,8536.0,14539.0,18877.0,19460.0,20442.0,38258.0,25394.0,13657.0,7990.0,4514.0,3385.0,2941.0,1570.0,220.0,14760.0,553.0,63.0,207039.0,2016
Victoria,"$1,800-$1,999",156.0,547.0,218.0,459.0,388.0,846.0,1713.0,2799.0,4650.0,8413.0,12180.0,13617.0,15085.0,30114.0,20299.0,11146.0,6900.0,3919.0,2927.0,2314.0,1248.0,125.0,9827.0,339.0,30.0,150234.0,2016
Victoria,"$2,000-$2,199",255.0,1001.0,510.0,827.0,748.0,1398.0,2388.0,3812.0,6967.0,12588.0,16574.0,18659.0,21232.0,47907.0,35108.0,22256.0,15577.0,9681.0,7690.0,6638.0,4285.0,584.0,18969.0,706.0,89.0,256438.0,2016
Victoria,"$2,200-$2,399",35.0,324.0,113.0,234.0,205.0,414.0,571.0,1016.0,1973.0,3450.0,5067.0,6489.0,7656.0,19374.0,15525.0,9772.0,6402.0,3624.0,3129.0,2253.0,1389.0,140.0,6151.0,219.0,49.0,95588.0,2016
Victoria,"$2,400-$2,599",86.0,407.0,150.0,241.0,154.0,375.0,564.0,836.0,1542.0,2633.0,3488.0,4421.0,5476.0,14603.0,12026.0,8922.0,6882.0,4249.0,3729.0,3616.0,2000.0,191.0,5675.0,223.0,24.0,82518.0,2016
Victoria,"$2,600-$2,999",95.0,465.0,185.0,275.0,216.0,405.0,824.0,1268.0,2333.0,4074.0,5991.0,7153.0,9154.0,24752.0,21878.0,15615.0,11492.0,6737.0,6165.0,5153.0,2936.0,365.0,10486.0,343.0,28.0,138393.0,2016
Victoria,"$3,000-$3,999",233.0,840.0,300.0,495.0,353.0,648.0,982.0,1539.0,2917.0,4674.0,6593.0,7349.0,9264.0,25327.0,24715.0,21934.0,20672.0,13215.0,13855.0,12989.0,9066.0,911.0,14682.0,464.0,68.0,194089.0,2016
Victoria,"$4,000-$4,999",126.0,414.0,147.0,217.0,167.0,280.0,404.0,542.0,1032.0,1739.0,1914.0,2603.0,3022.0,7520.0,7253.0,6943.0,8328.0,5697.0,6725.0,7220.0,6590.0,767.0,6573.0,225.0,42.0,76494.0,2016
Victoria,$5000 and over,187.0,709.0,233.0,298.0,201.0,348.0,528.0,700.0,934.0,1415.0,1898.0,1687.0,2010.0,5139.0,4721.0,4204.0,6923.0,5261.0,5978.0,7989.0,10706.0,1533.0,6402.0,133.0,41.0,70188.0,2016
Victoria,Not stated,454.0,1083.0,503.0,854.0,757.0,1538.0,1827.0,3071.0,4281.0,5901.0,6317.0,5743.0,5929.0,11453.0,8409.0,5188.0,4186.0,2755.0,2254.0,2242.0,1796.0,376.0,17962.0,13074.0,182.0,108139.0,2016
Victoria,Not applicable,10569.0,57911.0,27404.0,59668.0,71608.0,177751.0,137532.0,249336.0,227475.0,278827.0,248771.0,191465.0,176850.0,310284.0,191268.0,118967.0,98924.0,58498.0,51010.0,49459.0,44320.0,9225.0,234929.0,83726.0,402727.0,3568508.0,2016
Queensland,Nil repayments,440.0,923.0,390.0,624.0,601.0,1617.0,1191.0,2668.0,2082.0,2974.0,2653.0,2101.0,2298.0,4376.0,3270.0,2145.0,2108.0,1191.0,1261.0,1204.0,1207.0,289.0,3843.0,458.0,32.0,41959.0,2016
Queensland,$1-$149,19.0,101.0,90.0,112.0,92.0,413.0,317.0,727.0,582.0,717.0,762.0,739.0,759.0,1302.0,1050.0,712.0,491.0,412.0,308.0,407.0,192.0,55.0,819.0,64.0,0.0,11238.0,2016
Queensland,$150-$299,16.0,66.0,48.0,189.0,192.0,692.0,507.0,1194.0,944.0,1235.0,1111.0,918.0,926.0,1608.0,1053.0,775.0,526.0,391.0,268.0,214.0,198.0,29.0,1099.0,97.0,4.0,14316.0,2016
Queensland,$300-$449,40.0,155.0,130.0,331.0,424.0,1365.0,992.0,2344.0,2042.0,2492.0,2427.0,1983.0,1970.0,3444.0,2506.0,1620.0,1093.0,810.0,549.0,588.0,265.0,43.0,2308.0,159.0,10.0,30090.0,2016
Queensland,$450-$599,34.0,124.0,127.0,293.0,283.0,989.0,874.0,1928.0,1937.0,2317.0,2190.0,1726.0,1853.0,3181.0,2310.0,1353.0,1076.0,606.0,476.0,525.0,277.0,37.0,2299.0,135.0,3.0,26955.0,2016
Queensland,$600-$799,65.0,172.0,169.0,513.0,453.0,1465.0,1468.0,3155.0,3443.0,4497.0,4604.0,4333.0,3789.0,6458.0,4630.0,2745.0,1765.0,1030.0,943.0,873.0,462.0,66.0,4186.0,225.0,12.0,51516.0,2016
Queensland,$800-$999,72.0,326.0,222.0,551.0,486.0,1548.0,1864.0,3588.0,4592.0,6566.0,6861.0,6123.0,6060.0,10758.0,6762.0,4273.0,2420.0,1653.0,1319.0,997.0,613.0,131.0,6094.0,292.0,35.0,74197.0,2016
Queensland,"$1,000-$1,199",119.0,412.0,274.0,602.0,514.0,1401.0,2069.0,3637.0,5460.0,8279.0,9382.0,8518.0,8305.0,14704.0,9875.0,6055.0,3961.0,2325.0,2003.0,1617.0,938.0,199.0,8402.0,330.0,66.0,99462.0,2016
Queensland,"$1,200-$1,399",126.0,470.0,274.0,627.0,576.0,1308.0,2182.0,4073.0,6439.0,10754.0,12902.0,11849.0,11862.0,22042.0,13823.0,8106.0,4916.0,2948.0,2315.0,1804.0,939.0,144.0,10980.0,405.0,44.0,131897.0,2016
Queensland,"$1,400-$1,599",89.0,396.0,256.0,500.0,412.0,989.0,1606.0,3063.0,5217.0,9488.0,12289.0,12469.0,12722.0,23934.0,15710.0,9243.0,5757.0,3058.0,2338.0,1945.0,1077.0,174.0,10996.0,328.0,64.0,134121.0,2016
Queensland,"$1,600-$1,799",106.0,444.0,261.0,448.0,386.0,1007.0,1647.0,2838.0,5135.0,9282.0,13441.0,14954.0,15656.0,31871.0,21493.0,12726.0,7360.0,4167.0,2971.0,2596.0,1114.0,189.0,13347.0,430.0,56.0,163922.0,2016
Queensland,"$1,800-$1,999",77.0,347.0,150.0,294.0,215.0,524.0,814.0,1649.0,2746.0,5821.0,8640.0,10580.0,11976.0,25783.0,18064.0,11154.0,6317.0,3401.0,2540.0,1975.0,955.0,61.0,9929.0,265.0,40.0,124329.0,2016
Queensland,"$2,000-$2,199",166.0,640.0,269.0,506.0,359.0,782.0,1347.0,2215.0,3634.0,7240.0,10856.0,13273.0,16398.0,37600.0,30238.0,19387.0,13062.0,7449.0,6083.0,5236.0,2705.0,333.0,17466.0,556.0,79.0,197880.0,2016
Queensland,"$2,200-$2,399",32.0,219.0,93.0,127.0,53.0,227.0,356.0,734.0,1216.0,2490.0,3986.0,5294.0,6632.0,18071.0,15172.0,10189.0,6735.0,3773.0,2770.0,2259.0,1085.0,126.0,7593.0,162.0,48.0,89445.0,2016
Queensland,"$2,400-$2,599",64.0,215.0,71.0,120.0,94.0,259.0,239.0,523.0,835.0,1541.0,2317.0,2695.0,3849.0,11191.0,10108.0,7589.0,5920.0,3387.0,3173.0,2717.0,1342.0,197.0,5556.0,139.0,31.0,64182.0,2016
Queensland,"$2,600-$2,999",102.0,381.0,126.0,195.0,146.0,335.0,549.0,871.0,1654.0,2976.0,4476.0,6112.0,8299.0,22529.0,22680.0,17525.0,12238.0,7126.0,6091.0,5063.0,2544.0,254.0,12606.0,342.0,42.0,135266.0,2016
Queensland,"$3,000-$3,999",152.0,462.0,226.0,225.0,208.0,357.0,540.0,891.0,1377.0,2702.0,3883.0,4729.0,6274.0,18277.0,19735.0,18352.0,16999.0,10653.0,10682.0,9951.0,6352.0,751.0,14213.0,342.0,57.0,148384.0,2016
Queensland,"$4,000-$4,999",82.0,217.0,90.0,103.0,62.0,125.0,208.0,276.0,420.0,709.0,1031.0,1093.0,1620.0,4760.0,4773.0,4690.0,5615.0,3767.0,4735.0,4709.0,3871.0,574.0,5005.0,89.0,35.0,48664.0,2016
Queensland,$5000 and over,113.0,222.0,99.0,109.0,45.0,167.0,185.0,201.0,349.0,588.0,703.0,836.0,892.0,2442.0,2394.0,2442.0,3667.0,2657.0,3245.0,3998.0,4988.0,917.0,3882.0,83.0,17.0,35239.0,2016
Queensland,Not stated,273.0,601.0,409.0,471.0,406.0,1120.0,1061.0,1894.0,2213.0,3481.0,3665.0,3911.0,3780.0,7815.0,5788.0,3843.0,2847.0,1754.0,1747.0,1431.0,983.0,210.0,11662.0,7766.0,121.0,69236.0,2016
Queensland,Not applicable,6775.0,30282.0,18268.0,42238.0,55850.0,148337.0,122976.0,230163.0,208938.0,256144.0,231983.0,172253.0,157039.0,262622.0,152400.0,90187.0,69228.0,38964.0,33701.0,31265.0,26699.0,6560.0,189094.0,67404.0,418918.0,3068295.0,2016
South Australia,Nil repayments,209.0,396.0,154.0,262.0,256.0,731.0,534.0,1129.0,1086.0,1239.0,1176.0,954.0,976.0,1793.0,1165.0,866.0,667.0,400.0,406.0,382.0,376.0,88.0,1435.0,146.0,16.0,16830.0,2016
South Australia,$1-$149,8.0,16.0,37.0,86.0,71.0,201.0,206.0,413.0,343.0,484.0,375.0,434.0,450.0,667.0,410.0,292.0,240.0,119.0,84.0,111.0,56.0,7.0,457.0,22.0,5.0,5611.0,2016
South Australia,$150-$299,13.0,37.0,48.0,130.0,142.0,483.0,314.0,772.0,547.0,656.0,608.0,506.0,483.0,723.0,622.0,391.0,214.0,130.0,64.0,54.0,39.0,5.0,597.0,37.0,0.0,7621.0,2016
South Australia,$300-$449,32.0,92.0,96.0,340.0,324.0,1041.0,683.0,1632.0,1364.0,1769.0,1459.0,1124.0,1114.0,2211.0,1390.0,817.0,565.0,287.0,178.0,208.0,83.0,47.0,1274.0,103.0,5.0,18236.0,2016
South Australia,$450-$599,26.0,70.0,70.0,255.0,285.0,746.0,668.0,1331.0,1324.0,1882.0,1642.0,1258.0,1193.0,1920.0,1296.0,667.0,438.0,241.0,215.0,153.0,119.0,20.0,1263.0,100.0,10.0,17202.0,2016
South Australia,$600-$799,48.0,144.0,128.0,413.0,376.0,1221.0,1348.0,2260.0,2722.0,3352.0,3257.0,2792.0,2574.0,4001.0,2708.0,1430.0,864.0,505.0,284.0,249.0,115.0,35.0,2527.0,161.0,6.0,33531.0,2016
South Australia,$800-$999,43.0,219.0,134.0,369.0,403.0,1034.0,1637.0,2563.0,3372.0,4798.0,4891.0,3987.0,3533.0,5950.0,3619.0,2119.0,1102.0,557.0,516.0,399.0,159.0,44.0,3794.0,215.0,4.0,45480.0,2016
South Australia,"$1,000-$1,199",46.0,157.0,137.0,423.0,373.0,930.0,1392.0,2518.0,3645.0,5722.0,5864.0,5263.0,4973.0,8514.0,5077.0,2778.0,1548.0,983.0,611.0,504.0,376.0,33.0,4467.0,203.0,20.0,56557.0,2016
South Australia,"$1,200-$1,399",41.0,201.0,176.0,383.0,325.0,813.0,1318.0,2419.0,4123.0,6395.0,7256.0,6915.0,6294.0,10984.0,6709.0,3701.0,1814.0,1004.0,784.0,613.0,241.0,35.0,5183.0,212.0,23.0,67965.0,2016
South Australia,"$1,400-$1,599",41.0,241.0,110.0,264.0,205.0,502.0,781.0,1614.0,2837.0,5099.0,6275.0,6848.0,6324.0,11353.0,6769.0,3916.0,1973.0,1040.0,889.0,738.0,302.0,53.0,4708.0,135.0,21.0,63042.0,2016
South Australia,"$1,600-$1,799",55.0,181.0,107.0,217.0,115.0,429.0,698.0,1228.0,2316.0,4279.0,5878.0,6385.0,6767.0,12969.0,8271.0,4364.0,2336.0,1190.0,885.0,609.0,359.0,48.0,4982.0,164.0,18.0,64861.0,2016
South Australia,"$1,800-$1,999",27.0,99.0,58.0,123.0,62.0,178.0,302.0,500.0,1186.0,2201.0,3302.0,3830.0,4435.0,9335.0,6537.0,3300.0,1760.0,922.0,842.0,595.0,284.0,33.0,3053.0,61.0,16.0,43045.0,2016
South Australia,"$2,000-$2,199",56.0,170.0,96.0,153.0,133.0,229.0,443.0,696.0,1272.0,2450.0,3426.0,4316.0,5100.0,11955.0,9389.0,5865.0,3192.0,1829.0,1642.0,1378.0,749.0,75.0,5079.0,145.0,11.0,59849.0,2016
South Australia,"$2,200-$2,399",12.0,57.0,29.0,45.0,14.0,63.0,137.0,148.0,330.0,686.0,1127.0,1446.0,1823.0,4811.0,4020.0,2750.0,1638.0,853.0,737.0,493.0,248.0,30.0,1792.0,39.0,8.0,23347.0,2016
South Australia,"$2,400-$2,599",9.0,52.0,32.0,32.0,31.0,72.0,73.0,117.0,250.0,374.0,636.0,714.0,1044.0,2651.0,2517.0,1752.0,1384.0,689.0,703.0,586.0,314.0,53.0,1314.0,11.0,0.0,15430.0,2016
South Australia,"$2,600-$2,999",22.0,65.0,58.0,64.0,79.0,97.0,213.0,240.0,496.0,838.0,1286.0,1539.0,2103.0,5740.0,5711.0,4307.0,2695.0,1428.0,1406.0,1142.0,498.0,70.0,2669.0,66.0,0.0,32817.0,2016
South Australia,"$3,000-$3,999",28.0,84.0,64.0,65.0,45.0,118.0,167.0,284.0,406.0,924.0,1251.0,1245.0,1788.0,4541.0,5035.0,4443.0,3747.0,2512.0,2433.0,2282.0,1181.0,181.0,3460.0,54.0,9.0,36350.0,2016
South Australia,"$4,000-$4,999",18.0,52.0,37.0,28.0,20.0,39.0,62.0,84.0,140.0,263.0,348.0,413.0,548.0,1268.0,1240.0,1325.0,1395.0,1024.0,994.0,1134.0,1055.0,102.0,1261.0,24.0,9.0,12866.0,2016
South Australia,$5000 and over,18.0,47.0,32.0,18.0,12.0,50.0,53.0,97.0,151.0,235.0,202.0,282.0,289.0,782.0,702.0,656.0,846.0,700.0,838.0,1061.0,1329.0,210.0,1086.0,16.0,6.0,9735.0,2016
South Australia,Not stated,70.0,204.0,148.0,221.0,178.0,423.0,450.0,816.0,897.0,1395.0,1458.0,1244.0,1327.0,2574.0,1687.0,1012.0,721.0,436.0,341.0,371.0,274.0,37.0,3505.0,2372.0,14.0,22184.0,2016
South Australia,Not applicable,2561.0,11586.0,7680.0,20444.0,27143.0,66140.0,49951.0,92181.0,79043.0,90730.0,76104.0,52868.0,46603.0,74467.0,42071.0,25203.0,18522.0,10348.0,9345.0,8338.0,7583.0,1639.0,58107.0,23366.0,105860.0,1007880.0,2016
Western Australia,Nil repayments,234.0,595.0,257.0,474.0,347.0,947.0,699.0,1477.0,1204.0,1652.0,1732.0,1189.0,1317.0,2804.0,1832.0,1399.0,1504.0,913.0,1004.0,910.0,967.0,232.0,2682.0,283.0,9.0,26674.0,2016
Western Australia,$1-$149,15.0,49.0,46.0,88.0,57.0,176.0,139.0,267.0,351.0,364.0,456.0,378.0,370.0,804.0,644.0,416.0,409.0,297.0,237.0,205.0,137.0,11.0,601.0,26.0,11.0,6550.0,2016
Western Australia,$150-$299,6.0,42.0,61.0,122.0,102.0,424.0,234.0,553.0,405.0,563.0,534.0,477.0,426.0,824.0,632.0,413.0,432.0,257.0,183.0,215.0,120.0,16.0,613.0,54.0,0.0,7712.0,2016
Western Australia,$300-$449,16.0,99.0,53.0,261.0,248.0,685.0,533.0,1056.0,960.0,1390.0,1113.0,1028.0,884.0,2046.0,1277.0,804.0,685.0,513.0,481.0,416.0,200.0,45.0,1377.0,93.0,0.0,16267.0,2016
Western Australia,$450-$599,14.0,106.0,41.0,181.0,170.0,533.0,490.0,843.0,916.0,1249.0,1172.0,973.0,913.0,1882.0,1193.0,877.0,632.0,452.0,449.0,251.0,195.0,28.0,1326.0,78.0,0.0,14992.0,2016
Western Australia,$600-$799,26.0,175.0,127.0,279.0,288.0,722.0,752.0,1349.0,1530.0,2139.0,2056.0,1887.0,1904.0,3509.0,2294.0,1501.0,1079.0,722.0,602.0,562.0,305.0,54.0,2720.0,137.0,11.0,26732.0,2016
Western Australia,$800-$999,31.0,189.0,127.0,297.0,268.0,679.0,937.0,1581.0,2128.0,2733.0,2907.0,2618.0,2411.0,4819.0,3460.0,2102.0,1651.0,941.0,862.0,703.0,444.0,103.0,3453.0,154.0,24.0,35613.0,2016
Western Australia,"$1,000-$1,199",80.0,227.0,145.0,338.0,291.0,721.0,1026.0,1530.0,2429.0,3512.0,3880.0,3870.0,3652.0,7087.0,4915.0,3116.0,2606.0,1515.0,1338.0,1156.0,663.0,118.0,4686.0,192.0,8.0,49127.0,2016
Western Australia,"$1,200-$1,399",61.0,288.0,155.0,348.0,310.0,672.0,1150.0,1740.0,2731.0,4640.0,5126.0,4835.0,4945.0,9717.0,6558.0,3942.0,2923.0,1998.0,1466.0,1105.0,765.0,142.0,5950.0,203.0,12.0,61769.0,2016
Western Australia,"$1,400-$1,599",59.0,303.0,139.0,302.0,202.0,572.0,915.0,1552.0,2532.0,4427.0,5237.0,5428.0,5353.0,10931.0,7415.0,4646.0,3131.0,1855.0,1608.0,1244.0,743.0,78.0,5642.0,214.0,28.0,64545.0,2016
Western Australia,"$1,600-$1,799",89.0,424.0,181.0,328.0,275.0,629.0,945.0,1639.0,2676.0,5201.0,6312.0,6934.0,7282.0,14662.0,9273.0,5733.0,4019.0,2406.0,1849.0,1414.0,793.0,78.0,7310.0,175.0,32.0,80660.0,2016
Western Australia,"$1,800-$1,999",52.0,290.0,105.0,222.0,159.0,358.0,664.0,986.0,1790.0,3675.0,4942.0,5610.0,6373.0,13150.0,8624.0,5339.0,3697.0,1999.0,1593.0,1334.0,757.0,55.0,6242.0,187.0,20.0,68222.0,2016
Western Australia,"$2,000-$2,199",116.0,621.0,256.0,381.0,329.0,546.0,988.0,1429.0,2477.0,5146.0,7152.0,8458.0,9989.0,22558.0,16092.0,10614.0,8314.0,4713.0,4135.0,3589.0,1902.0,291.0,12887.0,316.0,24.0,123320.0,2016
Western Australia,"$2,200-$2,399",50.0,245.0,61.0,173.0,119.0,229.0,330.0,536.0,954.0,1795.0,3174.0,4114.0,4763.0,12122.0,9226.0,5860.0,4234.0,2367.0,1788.0,1603.0,782.0,67.0,5863.0,138.0,18.0,60621.0,2016
Western Australia,"$2,400-$2,599",49.0,275.0,72.0,115.0,67.0,182.0,223.0,364.0,646.0,1305.0,1802.0,2515.0,3075.0,8942.0,7103.0,4951.0,4108.0,2596.0,2190.0,1746.0,1008.0,131.0,5264.0,106.0,21.0,48843.0,2016
Western Australia,"$2,600-$2,999",77.0,358.0,120.0,179.0,187.0,257.0,407.0,677.0,1117.0,2285.0,3346.0,4713.0,6221.0,16933.0,14400.0,10385.0,8464.0,5057.0,4119.0,3304.0,1583.0,171.0,10218.0,212.0,30.0,94808.0,2016
Western Australia,"$3,000-$3,999",129.0,431.0,159.0,226.0,148.0,385.0,463.0,560.0,965.0,1928.0,2740.0,3714.0,4798.0,15136.0,14079.0,13008.0,13184.0,8500.0,8337.0,7290.0,4417.0,537.0,13518.0,297.0,37.0,115001.0,2016
Western Australia,"$4,000-$4,999",67.0,172.0,68.0,100.0,59.0,104.0,180.0,201.0,280.0,640.0,734.0,1039.0,1288.0,3633.0,3548.0,3845.0,4994.0,3724.0,4104.0,4002.0,3200.0,365.0,5105.0,121.0,25.0,41604.0,2016
Western Australia,$5000 and over,39.0,171.0,76.0,89.0,52.0,117.0,144.0,209.0,231.0,434.0,578.0,714.0,772.0,2275.0,2188.0,1935.0,3759.0,2892.0,3554.0,3949.0,4785.0,731.0,3970.0,55.0,11.0,33743.0,2016
Western Australia,Not stated,130.0,405.0,187.0,245.0,211.0,566.0,517.0,922.0,1014.0,1498.0,1783.0,1862.0,1962.0,4120.0,3253.0,2151.0,1980.0,1086.0,1061.0,945.0,822.0,134.0,6825.0,4129.0,96.0,37904.0,2016
Western Australia,Not applicable,3368.0,16380.0,9816.0,22532.0,27595.0,66148.0,52389.0,94360.0,83781.0,103218.0,90915.0,71545.0,67679.0,124823.0,76850.0,49629.0,46493.0,27272.0,24751.0,22863.0,19650.0,4423.0,101095.0,31854.0,232487.0,1471922.0,2016
Tasmania,Nil repayments,21.0,70.0,23.0,65.0,83.0,228.0,152.0,314.0,227.0,402.0,263.0,247.0,288.0,412.0,258.0,174.0,93.0,70.0,103.0,73.0,86.0,14.0,391.0,58.0,0.0,4127.0,2016
Tasmania,$1-$149,6.0,3.0,8.0,16.0,19.0,87.0,54.0,102.0,113.0,172.0,143.0,146.0,138.0,214.0,134.0,70.0,56.0,45.0,20.0,30.0,11.0,0.0,148.0,13.0,4.0,1741.0,2016
Tasmania,$150-$299,11.0,11.0,17.0,46.0,76.0,238.0,109.0,300.0,235.0,263.0,253.0,194.0,144.0,221.0,177.0,78.0,49.0,31.0,25.0,31.0,24.0,0.0,243.0,28.0,0.0,2813.0,2016
Tasmania,$300-$449,0.0,28.0,22.0,119.0,133.0,394.0,262.0,666.0,581.0,717.0,517.0,418.0,400.0,605.0,433.0,154.0,114.0,67.0,70.0,32.0,15.0,10.0,479.0,42.0,0.0,6286.0,2016
Tasmania,$450-$599,0.0,23.0,19.0,65.0,86.0,298.0,269.0,518.0,578.0,658.0,654.0,487.0,402.0,746.0,358.0,169.0,112.0,68.0,43.0,59.0,32.0,3.0,439.0,43.0,0.0,6143.0,2016
Tasmania,$600-$799,16.0,37.0,30.0,111.0,116.0,393.0,495.0,893.0,1035.0,1395.0,1340.0,1058.0,906.0,1451.0,759.0,473.0,260.0,82.0,99.0,78.0,41.0,0.0,1051.0,74.0,0.0,12204.0,2016
Tasmania,$800-$999,13.0,44.0,23.0,133.0,134.0,380.0,573.0,988.0,1366.0,2058.0,2004.0,1844.0,1460.0,2318.0,1355.0,664.0,410.0,131.0,108.0,56.0,58.0,9.0,1397.0,63.0,5.0,17590.0,2016
Tasmania,"$1,000-$1,199",0.0,36.0,39.0,76.0,105.0,260.0,503.0,800.0,1487.0,2299.0,2550.0,2368.0,2025.0,3190.0,1747.0,947.0,525.0,298.0,179.0,166.0,76.0,5.0,1685.0,69.0,7.0,21443.0,2016
Tasmania,"$1,200-$1,399",0.0,53.0,45.0,82.0,83.0,197.0,347.0,747.0,1250.0,2174.0,2770.0,2480.0,2347.0,4095.0,2103.0,1014.0,652.0,207.0,242.0,114.0,98.0,22.0,1809.0,85.0,0.0,23017.0,2016
Tasmania,"$1,400-$1,599",6.0,26.0,14.0,50.0,32.0,125.0,246.0,386.0,664.0,1505.0,2090.0,2155.0,2163.0,3680.0,2177.0,1285.0,576.0,304.0,205.0,168.0,54.0,23.0,1499.0,54.0,0.0,19485.0,2016
Tasmania,"$1,600-$1,799",4.0,34.0,18.0,25.0,35.0,66.0,141.0,237.0,514.0,1164.0,1631.0,1936.0,2121.0,3763.0,2508.0,1313.0,775.0,324.0,221.0,165.0,76.0,6.0,1356.0,54.0,9.0,18504.0,2016
Tasmania,"$1,800-$1,999",5.0,29.0,14.0,12.0,6.0,18.0,58.0,99.0,200.0,474.0,631.0,860.0,997.0,2347.0,1646.0,941.0,475.0,243.0,186.0,138.0,71.0,25.0,808.0,18.0,4.0,10301.0,2016
Tasmania,"$2,000-$2,199",7.0,24.0,16.0,26.0,17.0,46.0,76.0,88.0,259.0,468.0,692.0,978.0,1089.0,2788.0,2095.0,1347.0,834.0,406.0,321.0,271.0,146.0,15.0,1263.0,43.0,5.0,13335.0,2016
Tasmania,"$2,200-$2,399",0.0,3.0,3.0,4.0,4.0,6.0,21.0,50.0,58.0,132.0,209.0,247.0,420.0,919.0,815.0,648.0,331.0,132.0,119.0,95.0,29.0,0.0,379.0,0.0,0.0,4628.0,2016
Tasmania,"$2,400-$2,599",0.0,7.0,3.0,6.0,12.0,3.0,0.0,31.0,41.0,93.0,104.0,118.0,153.0,474.0,406.0,283.0,237.0,126.0,129.0,81.0,38.0,5.0,233.0,0.0,0.0,2591.0,2016
Tasmania,"$2,600-$2,999",0.0,11.0,3.0,9.0,7.0,19.0,25.0,57.0,75.0,154.0,238.0,295.0,362.0,1223.0,1025.0,872.0,561.0,301.0,202.0,180.0,133.0,4.0,579.0,8.0,0.0,6349.0,2016
Tasmania,"$3,000-$3,999",3.0,19.0,4.0,8.0,3.0,19.0,17.0,40.0,51.0,100.0,199.0,241.0,283.0,884.0,1004.0,718.0,700.0,422.0,432.0,461.0,225.0,25.0,662.0,11.0,0.0,6544.0,2016
Tasmania,"$4,000-$4,999",0.0,3.0,0.0,7.0,4.0,5.0,13.0,14.0,10.0,65.0,39.0,66.0,104.0,232.0,223.0,258.0,231.0,147.0,166.0,185.0,192.0,16.0,185.0,6.0,5.0,2175.0,2016
Tasmania,$5000 and over,13.0,4.0,4.0,9.0,0.0,8.0,13.0,12.0,10.0,30.0,72.0,40.0,48.0,117.0,96.0,120.0,133.0,100.0,115.0,168.0,163.0,22.0,176.0,13.0,0.0,1496.0,2016
Tasmania,Not stated,28.0,61.0,42.0,60.0,58.0,162.0,128.0,277.0,344.0,500.0,485.0,391.0,365.0,709.0,453.0,222.0,138.0,115.0,92.0,51.0,35.0,10.0,945.0,656.0,19.0,6346.0,2016
Tasmania,Not applicable,622.0,2580.0,2154.0,6780.0,9470.0,23630.0,18042.0,32081.0,26167.0,28556.0,23461.0,15388.0,13271.0,19969.0,10883.0,6088.0,4450.0,2368.0,2170.0,1923.0,1841.0,395.0,17920.0,7801.0,36071.0,314090.0,2016
Northern Territory,Nil repayments,0.0,21.0,8.0,10.0,18.0,30.0,4.0,34.0,40.0,55.0,42.0,36.0,38.0,148.0,90.0,80.0,68.0,36.0,38.0,33.0,59.0,9.0,146.0,9.0,7.0,1040.0,2016
Northern Territory,$1-$149,0.0,10.0,0.0,0.0,0.0,3.0,3.0,7.0,7.0,9.0,20.0,14.0,11.0,37.0,11.0,10.0,11.0,16.0,22.0,0.0,6.0,0.0,17.0,0.0,0.0,218.0,2016
Northern Territory,$150-$299,0.0,3.0,4.0,3.0,0.0,23.0,8.0,13.0,17.0,25.0,23.0,29.0,7.0,19.0,15.0,27.0,18.0,0.0,11.0,23.0,5.0,0.0,38.0,4.0,0.0,308.0,2016
Northern Territory,$300-$449,0.0,0.0,3.0,10.0,7.0,11.0,40.0,35.0,24.0,22.0,46.0,38.0,48.0,108.0,60.0,62.0,20.0,42.0,34.0,24.0,7.0,0.0,67.0,5.0,0.0,709.0,2016
Northern Territory,$450-$599,0.0,0.0,0.0,6.0,12.0,19.0,16.0,16.0,26.0,62.0,52.0,36.0,36.0,40.0,50.0,40.0,44.0,27.0,19.0,23.0,24.0,0.0,63.0,5.0,0.0,613.0,2016
Northern Territory,$600-$799,0.0,15.0,0.0,8.0,7.0,28.0,20.0,28.0,35.0,67.0,75.0,76.0,62.0,148.0,121.0,79.0,112.0,36.0,25.0,16.0,25.0,7.0,141.0,10.0,10.0,1131.0,2016
Northern Territory,$800-$999,0.0,11.0,3.0,7.0,19.0,12.0,31.0,37.0,71.0,96.0,94.0,122.0,108.0,238.0,186.0,150.0,127.0,52.0,42.0,83.0,44.0,0.0,145.0,4.0,0.0,1670.0,2016
Northern Territory,"$1,000-$1,199",0.0,5.0,6.0,12.0,3.0,19.0,32.0,60.0,80.0,150.0,169.0,175.0,164.0,369.0,271.0,212.0,142.0,109.0,93.0,102.0,52.0,5.0,222.0,22.0,0.0,2484.0,2016
Northern Territory,"$1,200-$1,399",5.0,4.0,3.0,9.0,3.0,9.0,40.0,68.0,109.0,168.0,191.0,209.0,181.0,451.0,337.0,289.0,167.0,141.0,119.0,107.0,60.0,0.0,338.0,12.0,0.0,3018.0,2016
Northern Territory,"$1,400-$1,599",7.0,4.0,3.0,11.0,6.0,26.0,28.0,35.0,84.0,145.0,187.0,195.0,208.0,483.0,392.0,370.0,232.0,106.0,103.0,149.0,42.0,9.0,294.0,14.0,0.0,3118.0,2016
Northern Territory,"$1,600-$1,799",0.0,11.0,0.0,6.0,7.0,25.0,17.0,54.0,102.0,149.0,236.0,268.0,292.0,747.0,562.0,419.0,249.0,195.0,135.0,100.0,93.0,30.0,431.0,11.0,0.0,4128.0,2016
Northern Territory,"$1,800-$1,999",0.0,10.0,17.0,11.0,4.0,3.0,7.0,14.0,48.0,108.0,172.0,194.0,278.0,601.0,511.0,365.0,213.0,116.0,130.0,132.0,57.0,9.0,257.0,8.0,0.0,3270.0,2016
Northern Territory,"$2,000-$2,199",5.0,18.0,9.0,3.0,5.0,20.0,14.0,52.0,99.0,142.0,232.0,321.0,407.0,1006.0,886.0,694.0,516.0,317.0,263.0,371.0,178.0,34.0,606.0,20.0,4.0,6216.0,2016
Northern Territory,"$2,200-$2,399",7.0,0.0,6.0,4.0,0.0,6.0,7.0,26.0,27.0,89.0,133.0,137.0,157.0,454.0,467.0,398.0,273.0,174.0,104.0,90.0,51.0,0.0,344.0,7.0,7.0,2969.0,2016
Northern Territory,"$2,400-$2,599",0.0,7.0,0.0,0.0,4.0,6.0,12.0,0.0,19.0,49.0,95.0,84.0,135.0,380.0,358.0,368.0,332.0,118.0,122.0,146.0,93.0,3.0,288.0,10.0,6.0,2634.0,2016
Northern Territory,"$2,600-$2,999",5.0,7.0,3.0,4.0,0.0,14.0,30.0,21.0,54.0,114.0,141.0,257.0,317.0,1117.0,1131.0,853.0,744.0,428.0,426.0,360.0,257.0,71.0,659.0,24.0,0.0,7029.0,2016
Northern Territory,"$3,000-$3,999",0.0,14.0,0.0,5.0,6.0,11.0,25.0,22.0,50.0,113.0,201.0,270.0,378.0,1145.0,1296.0,1189.0,1230.0,766.0,754.0,851.0,511.0,115.0,968.0,31.0,0.0,9958.0,2016
Northern Territory,"$4,000-$4,999",0.0,4.0,4.0,0.0,0.0,0.0,3.0,9.0,12.0,21.0,40.0,40.0,57.0,270.0,296.0,346.0,457.0,287.0,332.0,420.0,290.0,78.0,382.0,11.0,0.0,3361.0,2016
Northern Territory,$5000 and over,0.0,10.0,0.0,0.0,0.0,4.0,0.0,10.0,6.0,16.0,28.0,27.0,40.0,128.0,172.0,199.0,180.0,93.0,216.0,237.0,264.0,48.0,252.0,0.0,0.0,1944.0,2016
Northern Territory,Not stated,9.0,14.0,0.0,12.0,27.0,26.0,14.0,29.0,53.0,71.0,110.0,86.0,138.0,217.0,194.0,231.0,181.0,164.0,81.0,114.0,67.0,16.0,399.0,303.0,0.0,2559.0,2016
Northern Territory,Not applicable,271.0,1081.0,923.0,2299.0,2208.0,4879.0,3924.0,6733.0,7727.0,10153.0,10370.0,8627.0,8670.0,16883.0,10488.0,7509.0,7000.0,3796.0,3303.0,3364.0,2460.0,550.0,15665.0,7748.0,45121.0,191744.0,2016
Australian Capital Territory,Nil repayments,6.0,40.0,20.0,33.0,13.0,53.0,41.0,85.0,125.0,197.0,153.0,187.0,145.0,372.0,343.0,286.0,277.0,195.0,181.0,191.0,221.0,34.0,292.0,21.0,0.0,3505.0,2016
Australian Capital Territory,$1-$149,0.0,0.0,11.0,8.0,0.0,13.0,9.0,31.0,34.0,66.0,74.0,45.0,51.0,185.0,166.0,163.0,123.0,95.0,95.0,83.0,104.0,6.0,103.0,0.0,0.0,1474.0,2016
Australian Capital Territory,$150-$299,6.0,10.0,5.0,3.0,7.0,29.0,21.0,22.0,34.0,54.0,68.0,50.0,63.0,133.0,115.0,133.0,116.0,87.0,95.0,58.0,55.0,8.0,98.0,0.0,0.0,1253.0,2016
Australian Capital Territory,$300-$449,0.0,7.0,9.0,21.0,12.0,43.0,23.0,51.0,57.0,104.0,106.0,106.0,149.0,305.0,249.0,178.0,202.0,121.0,149.0,108.0,81.0,20.0,159.0,3.0,0.0,2278.0,2016
Australian Capital Territory,$450-$599,0.0,3.0,0.0,8.0,10.0,21.0,17.0,45.0,68.0,91.0,122.0,118.0,109.0,246.0,255.0,152.0,130.0,93.0,104.0,86.0,92.0,6.0,157.0,7.0,0.0,1937.0,2016
Australian Capital Territory,$600-$799,0.0,16.0,3.0,18.0,10.0,44.0,47.0,86.0,97.0,213.0,216.0,217.0,232.0,424.0,335.0,331.0,279.0,196.0,148.0,148.0,82.0,8.0,237.0,7.0,0.0,3394.0,2016
Australian Capital Territory,$800-$999,0.0,13.0,10.0,26.0,21.0,35.0,65.0,117.0,144.0,259.0,293.0,289.0,302.0,618.0,487.0,488.0,360.0,237.0,279.0,251.0,132.0,24.0,297.0,12.0,0.0,4748.0,2016
Australian Capital Territory,"$1,000-$1,199",7.0,23.0,13.0,30.0,23.0,41.0,63.0,116.0,134.0,318.0,373.0,453.0,334.0,968.0,779.0,663.0,500.0,297.0,373.0,301.0,285.0,27.0,512.0,18.0,0.0,6640.0,2016
Australian Capital Territory,"$1,200-$1,399",0.0,12.0,6.0,6.0,13.0,40.0,69.0,113.0,195.0,365.0,454.0,518.0,497.0,1109.0,939.0,733.0,575.0,418.0,363.0,328.0,151.0,5.0,606.0,11.0,0.0,7540.0,2016
Australian Capital Territory,"$1,400-$1,599",0.0,10.0,3.0,19.0,21.0,30.0,43.0,101.0,218.0,389.0,570.0,641.0,605.0,1493.0,1185.0,923.0,742.0,406.0,429.0,324.0,265.0,31.0,616.0,17.0,0.0,9091.0,2016
Australian Capital Territory,"$1,600-$1,799",0.0,19.0,12.0,18.0,14.0,21.0,63.0,137.0,224.0,450.0,674.0,839.0,923.0,2096.0,1558.0,1295.0,938.0,494.0,535.0,410.0,241.0,28.0,701.0,11.0,0.0,11717.0,2016
Australian Capital Territory,"$1,800-$1,999",13.0,15.0,12.0,5.0,17.0,34.0,52.0,53.0,160.0,324.0,523.0,738.0,726.0,1943.0,1696.0,1309.0,1107.0,556.0,484.0,362.0,208.0,16.0,652.0,17.0,4.0,11034.0,2016
Australian Capital Territory,"$2,000-$2,199",16.0,47.0,22.0,15.0,13.0,25.0,81.0,108.0,195.0,425.0,778.0,914.0,1104.0,3292.0,2975.0,2514.0,2043.0,1083.0,1166.0,992.0,777.0,64.0,1285.0,46.0,4.0,19981.0,2016
Australian Capital Territory,"$2,200-$2,399",6.0,9.0,4.0,11.0,12.0,6.0,18.0,39.0,80.0,165.0,333.0,469.0,466.0,1808.0,1816.0,1402.0,1151.0,580.0,598.0,385.0,311.0,23.0,573.0,11.0,9.0,10285.0,2016
Australian Capital Territory,"$2,400-$2,599",0.0,3.0,5.0,6.0,5.0,9.0,32.0,34.0,66.0,93.0,174.0,258.0,330.0,1166.0,1200.0,1088.0,994.0,560.0,554.0,507.0,339.0,28.0,512.0,9.0,5.0,7967.0,2016
Australian Capital Territory,"$2,600-$2,999",7.0,16.0,4.0,8.0,11.0,7.0,44.0,33.0,115.0,196.0,380.0,497.0,640.0,2313.0,2650.0,2859.0,2503.0,1371.0,1451.0,950.0,677.0,24.0,1100.0,27.0,8.0,17906.0,2016
Australian Capital Territory,"$3,000-$3,999",0.0,25.0,21.0,14.0,11.0,24.0,21.0,49.0,112.0,187.0,245.0,473.0,538.0,2099.0,2459.0,2836.0,3334.0,1896.0,2730.0,2063.0,1810.0,216.0,1746.0,21.0,0.0,22932.0,2016
Australian Capital Territory,"$4,000-$4,999",0.0,14.0,4.0,4.0,7.0,3.0,15.0,3.0,15.0,41.0,96.0,133.0,149.0,544.0,642.0,708.0,969.0,696.0,993.0,917.0,1011.0,122.0,619.0,17.0,0.0,7718.0,2016
Australian Capital Territory,$5000 and over,9.0,11.0,5.0,4.0,0.0,3.0,10.0,7.0,15.0,27.0,48.0,48.0,82.0,316.0,339.0,391.0,574.0,435.0,542.0,684.0,984.0,165.0,448.0,4.0,0.0,5153.0,2016
Australian Capital Territory,Not stated,0.0,27.0,4.0,19.0,14.0,17.0,45.0,42.0,79.0,152.0,145.0,235.0,186.0,557.0,395.0,462.0,409.0,260.0,236.0,244.0,173.0,12.0,743.0,361.0,8.0,4848.0,2016
Australian Capital Territory,Not applicable,361.0,2116.0,1076.0,2674.0,3568.0,6631.0,6149.0,9009.0,10303.0,14432.0,14587.0,12731.0,12186.0,25265.0,17100.0,12074.0,10881.0,6059.0,6128.0,5719.0,5245.0,740.0,13328.0,2641.0,33344.0,234360.0,2016
Other Territories,Nil repayments,0.0,0.0,0.0,0.0,0.0,6.0,0.0,4.0,0.0,0.0,0.0,5.0,5.0,3.0,0.0,0.0,0.0,0.0,0.0,0.0,0.0,0.0,0.0,0.0,0.0,27.0,2016
Other Territories,$1-$149,0.0,0.0,0.0,0.0,0.0,0.0,0.0,0.0,0.0,0.0,4.0,0.0,0.0,0.0,0.0,0.0,0.0,0.0,0.0,0.0,0.0,0.0,0.0,0.0,0.0,4.0,2016
Other Territories,$150-$299,0.0,0.0,0.0,0.0,0.0,0.0,0.0,0.0,0.0,4.0,0.0,0.0,0.0,4.0,0.0,0.0,0.0,0.0,0.0,0.0,0.0,0.0,0.0,0.0,0.0,11.0,2016
Other Territories,$300-$449,0.0,0.0,0.0,0.0,0.0,0.0,0.0,3.0,0.0,0.0,3.0,3.0,0.0,3.0,0.0,0.0,0.0,0.0,0.0,0.0,0.0,0.0,4.0,0.0,0.0,29.0,2016
Other Territories,$450-$599,0.0,0.0,0.0,0.0,0.0,0.0,0.0,0.0,3.0,3.0,0.0,0.0,0.0,3.0,0.0,0.0,0.0,0.0,0.0,0.0,0.0,0.0,0.0,0.0,0.0,16.0,2016
Other Territories,$600-$799,0.0,0.0,0.0,0.0,0.0,0.0,0.0,5.0,5.0,7.0,0.0,0.0,0.0,4.0,0.0,0.0,0.0,0.0,0.0,0.0,0.0,0.0,0.0,0.0,0.0,36.0,2016
Other Territories,$800-$999,0.0,0.0,0.0,0.0,0.0,0.0,0.0,6.0,3.0,4.0,3.0,0.0,0.0,11.0,0.0,0.0,0.0,3.0,0.0,0.0,4.0,0.0,7.0,0.0,0.0,49.0,2016
Other Territories,"$1,000-$1,199",0.0,0.0,0.0,0.0,0.0,0.0,3.0,0.0,13.0,21.0,10.0,17.0,25.0,5.0,3.0,0.0,3.0,0.0,0.0,0.0,0.0,0.0,0.0,0.0,0.0,102.0,2016
Other Territories,"$1,200-$1,399",0.0,0.0,0.0,0.0,0.0,0.0,3.0,3.0,10.0,0.0,15.0,0.0,15.0,10.0,0.0,0.0,3.0,0.0,0.0,0.0,0.0,0.0,15.0,0.0,0.0,76.0,2016
Other Territories,"$1,400-$1,599",0.0,0.0,0.0,0.0,0.0,0.0,0.0,0.0,0.0,15.0,14.0,7.0,5.0,7.0,12.0,4.0,3.0,0.0,0.0,0.0,0.0,0.0,4.0,0.0,0.0,65.0,2016
Other Territories,"$1,600-$1,799",0.0,0.0,0.0,0.0,0.0,0.0,0.0,0.0,8.0,18.0,11.0,16.0,6.0,13.0,9.0,3.0,6.0,0.0,0.0,0.0,0.0,0.0,18.0,0.0,0.0,94.0,2016
Other Territories,"$1,800-$1,999",0.0,0.0,4.0,0.0,0.0,0.0,0.0,0.0,0.0,0.0,0.0,0.0,0.0,11.0,11.0,0.0,0.0,0.0,0.0,0.0,0.0,0.0,7.0,0.0,0.0,37.0,2016
Other Territories,"$2,000-$2,199",0.0,0.0,0.0,0.0,0.0,0.0,0.0,0.0,0.0,0.0,4.0,8.0,4.0,19.0,4.0,5.0,10.0,0.0,9.0,4.0,0.0,0.0,19.0,0.0,0.0,78.0,2016
Other Territories,"$2,200-$2,399",0.0,0.0,0.0,0.0,0.0,0.0,4.0,0.0,0.0,0.0,9.0,0.0,5.0,7.0,4.0,0.0,0.0,0.0,0.0,0.0,0.0,0.0,0.0,0.0,0.0,24.0,2016
Other Territories,"$2,400-$2,599",0.0,0.0,0.0,0.0,0.0,0.0,4.0,0.0,0.0,0.0,4.0,5.0,0.0,3.0,0.0,0.0,0.0,0.0,0.0,0.0,0.0,0.0,0.0,0.0,0.0,15.0,2016
Other Territories,"$2,600-$2,999",0.0,0.0,0.0,0.0,0.0,0.0,0.0,0.0,0.0,0.0,10.0,5.0,3.0,8.0,5.0,0.0,0.0,0.0,0.0,0.0,0.0,0.0,6.0,0.0,0.0,42.0,2016
Other Territories,"$3,000-$3,999",0.0,0.0,0.0,0.0,0.0,0.0,0.0,0.0,0.0,10.0,0.0,0.0,4.0,7.0,5.0,9.0,0.0,0.0,0.0,0.0,0.0,0.0,0.0,0.0,0.0,37.0,2016
Other Territories,"$4,000-$4,999",0.0,0.0,0.0,0.0,0.0,0.0,0.0,0.0,0.0,0.0,0.0,0.0,3.0,0.0,8.0,0.0,0.0,0.0,0.0,0.0,0.0,0.0,9.0,0.0,0.0,19.0,2016
Other Territories,$5000 and over,0.0,0.0,0.0,0.0,0.0,0.0,0.0,0.0,5.0,0.0,3.0,0.0,0.0,0.0,0.0,0.0,0.0,0.0,0.0,0.0,0.0,0.0,5.0,0.0,0.0,10.0,2016
Other Territories,Not stated,0.0,0.0,0.0,0.0,0.0,3.0,3.0,0.0,3.0,0.0,16.0,0.0,0.0,0.0,0.0,6.0,0.0,0.0,0.0,0.0,0.0,0.0,0.0,7.0,0.0,39.0,2016
Other Territories,Not applicable,11.0,9.0,27.0,41.0,41.0,98.0,90.0,149.0,147.0,215.0,222.0,177.0,180.0,354.0,199.0,138.0,72.0,58.0,73.0,45.0,43.0,0.0,264.0,122.0,1592.0,4375.0,2016
Total,Nil repayments,2005.0,5784.0,2242.0,3606.0,3254.0,8332.0,6484.0,13058.0,12151.0,15977.0,15427.0,12184.0,12764.0,24852.0,17962.0,13050.0,11902.0,7687.0,7786.0,8132.0,8190.0,1830.0,22264.0,2493.0,154.0,239573.0,2016
Total,$1-$149,114.0,453.0,428.0,797.0,528.0,1921.0,1656.0,3247.0,3289.0,4263.0,4338.0,4077.0,4068.0,7741.0,5797.0,4265.0,3270.0,2450.0,2216.0,2062.0,1563.0,246.0,5244.0,290.0,15.0,64327.0,2016
Total,$150-$299,135.0,434.0,403.0,1122.0,1130.0,3855.0,2708.0,5682.0,4928.0,6167.0,5759.0,4997.0,4581.0,8171.0,6032.0,4221.0,3139.0,2139.0,1838.0,1849.0,1193.0,191.0,6196.0,496.0,15.0,77366.0,2016
Total,$300-$449,209.0,977.0,797.0,2327.0,2442.0,7156.0,5563.0,11768.0,10903.0,14396.0,12859.0,10734.0,10305.0,18847.0,12963.0,8392.0,6147.0,4180.0,3439.0,3292.0,2056.0,394.0,13114.0,938.0,32.0,164227.0,2016
Total,$450-$599,175.0,713.0,547.0,1671.0,1876.0,5489.0,5048.0,9830.0,10363.0,13459.0,12847.0,10377.0,9655.0,17814.0,12431.0,7559.0,5632.0,3656.0,2938.0,2698.0,1856.0,276.0,12584.0,778.0,49.0,150318.0,2016
Total,$600-$799,316.0,1196.0,951.0,2892.0,2764.0,8020.0,8978.0,16410.0,19366.0,25034.0,24812.0,21948.0,20355.0,34984.0,23009.0,13931.0,9535.0,6079.0,4838.0,4345.0,2552.0,417.0,23460.0,1390.0,105.0,277683.0,2016
Total,$800-$999,339.0,1766.0,1225.0,3183.0,3148.0,8229.0,11254.0,19234.0,25635.0,36480.0,37286.0,32965.0,30474.0,54145.0,35009.0,21512.0,13757.0,8648.0,7069.0,5724.0,3606.0,661.0,33785.0,1767.0,117.0,397037.0,2016
Total,"$1,000-$1,199",500.0,2203.0,1461.0,3473.0,3071.0,7474.0,12049.0,19568.0,29881.0,45373.0,49103.0,44924.0,42934.0,76331.0,50871.0,30580.0,21204.0,13140.0,10890.0,9589.0,6329.0,1136.0,43782.0,1853.0,226.0,527927.0,2016
Total,"$1,200-$1,399",588.0,2465.0,1524.0,3322.0,3140.0,7155.0,12029.0,21039.0,33659.0,54748.0,62839.0,59298.0,57435.0,104859.0,67069.0,39399.0,24223.0,15206.0,11804.0,9764.0,5918.0,779.0,54263.0,2082.0,221.0,654837.0,2016
Total,"$1,400-$1,599",499.0,2261.0,1274.0,2721.0,2207.0,5223.0,9124.0,16153.0,27768.0,48263.0,59329.0,60557.0,60482.0,113090.0,72986.0,44204.0,27669.0,15590.0,13020.0,11019.0,6402.0,954.0,50536.0,1839.0,217.0,653410.0,2016
Total,"$1,600-$1,799",527.0,2451.0,1366.0,2508.0,2105.0,5105.0,8631.0,15389.0,27269.0,47918.0,63848.0,68307.0,72141.0,140275.0,93989.0,54599.0,33092.0,18694.0,14381.0,11910.0,6619.0,917.0,58586.0,1904.0,291.0,752803.0,2016
Total,"$1,800-$1,999",402.0,1802.0,805.0,1513.0,1194.0,2809.0,4956.0,8629.0,15029.0,29080.0,41081.0,47903.0,53368.0,111787.0,77834.0,45819.0,28483.0,15783.0,12207.0,9929.0,5292.0,537.0,41794.0,1303.0,186.0,559539.0,2016
Total,"$2,000-$2,199",825.0,3645.0,1618.0,2773.0,2294.0,4544.0,8194.0,12945.0,22557.0,41900.0,57857.0,67491.0,78321.0,178536.0,136291.0,89728.0,62995.0,37215.0,31695.0,27678.0,17100.0,2241.0,81558.0,2537.0,334.0,972878.0,2016
Total,"$2,200-$2,399",204.0,1117.0,435.0,838.0,601.0,1400.0,2205.0,3963.0,6886.0,13343.0,20328.0,26109.0,31361.0,80219.0,65675.0,42764.0,29353.0,16380.0,13343.0,10646.0,5927.0,597.0,31191.0,829.0,163.0,405884.0,2016
Total,"$2,400-$2,599",268.0,1323.0,469.0,748.0,580.0,1291.0,1835.0,2962.0,5365.0,9466.0,13035.0,15955.0,20617.0,57366.0,48806.0,36258.0,28424.0,17279.0,15639.0,13813.0,8261.0,1003.0,26225.0,683.0,116.0,327805.0,2016
Total,"$2,600-$2,999",374.0,1897.0,762.0,1148.0,931.0,1883.0,3370.0,5201.0,9588.0,17512.0,25626.0,32478.0,41817.0,113900.0,103123.0,78827.0,56797.0,33562.0,29588.0,24306.0,13528.0,1546.0,54678.0,1473.0,177.0,654090.0,2016
Total,"$3,000-$3,999",679.0,2899.0,1111.0,1632.0,1225.0,2395.0,3692.0,5796.0,10047.0,18013.0,25506.0,30664.0,38965.0,112487.0,113961.0,103118.0,96555.0,61970.0,62960.0,58426.0,39829.0,4504.0,75637.0,1881.0,322.0,874269.0,2016
Total,"$4,000-$4,999",456.0,1339.0,617.0,706.0,501.0,927.0,1463.0,1819.0,3083.0,5916.0,7512.0,9079.0,11767.0,31794.0,32428.0,33263.0,39225.0,27377.0,31985.0,33406.0,29866.0,3772.0,31563.0,805.0,185.0,340845.0,2016
Total,$5000 and over,614.0,1875.0,691.0,751.0,452.0,1031.0,1490.0,1958.0,2790.0,4576.0,5779.0,6133.0,7439.0,19856.0,19609.0,18986.0,31277.0,22640.0,28056.0,35657.0,47955.0,7020.0,28648.0,579.0,157.0,296029.0,2016
Total,Not stated,1330.0,3319.0,1750.0,2706.0,2260.0,5424.0,5880.0,10005.0,12784.0,18604.0,20415.0,19431.0,20035.0,39647.0,29771.0,20114.0,16232.0,10478.0,9357.0,8924.0,7198.0,1356.0,62938.0,40987.0,590.0,371536.0,2016
Total,Not applicable,36705.0,181933.0,97416.0,228751.0,292733.0,722316.0,566314.0,1041477.0,932059.0,1137230.0,1015940.0,772441.0,713091.0,1252298.0,763915.0,484473.0,409279.0,236044.0,212282.0,208574.0,187210.0,40489.0,946559.0,328830.0,1831127.0,14639506.0,2016
