STATE,RNTRD RENT (WEEKLY) RANGES,NEGATIVE INCOME,NIL INCOME,"$1-$149 ($1-$7,799)","$150-$299 ($7,800-$15,599)","$300-$399 ($15,600-$20,799)","$400-$499 ($20,800-$25,999)","$500-$649 ($26,000-$33,799)","$650-$799 ($33,800-$41,599)","$800-$999 ($41,600-$51,999)","$1,000-$1,249 ($52,000-$64,999)","$1,250-$1,499 ($65,000-$77,999)","$1,500-$1,749 ($78,000-$90,999)","$1,750-$1,999 ($91,000-$103,999)","$2,000-$2,499 ($104,000-$129,999)","$2,500-$2,999 ($130,000-$155,999)","$3,000-$3,499 ($156,000-$181,999)","$3,500-$3,999 ($182,000-$207,999)","$4,000-$4,499 ($208,000-$233,999)","$4,500-$4,999 ($234,000-$259,999)","$5,000-$5,999 ($260,000-$311,999)","$6,000-$7,999 ($312,000-$415,999)","$8,000 OR MORE ($416,000 OR MORE)",PARTIAL INCOME STATED,ALL INCOMES NOT STATED,NOT APPLICABLE,TOTAL,CENSUS_YEAR
New South Wales,Nil payments,181.0,1491.0,728.0,1569.0,1601.0,3677.0,2626.0,4252.0,4120.0,5207.0,5043.0,3910.0,3547.0,5895.0,3507.0,1954.0,1414.0,668.0,722.0,580.0,601.0,216.0,3970.0,703.0,77.0,58268.0,2016
New South Wales,$1-$74,116.0,379.0,521.0,2734.0,1088.0,1345.0,693.0,812.0,750.0,693.0,643.0,514.0,625.0,974.0,557.0,355.0,358.0,87.0,88.0,69.0,66.0,19.0,810.0,572.0,14.0,14867.0,2016
New South Wales,$75-$99,81.0,262.0,366.0,2279.0,1527.0,1840.0,701.0,966.0,636.0,577.0,372.0,243.0,243.0,326.0,183.0,118.0,138.0,29.0,45.0,36.0,72.0,21.0,624.0,457.0,8.0,12166.0,2016
New South Wales,$100-$124,179.0,948.0,827.0,5005.0,12079.0,12255.0,2915.0,3637.0,2643.0,2195.0,1414.0,952.0,707.0,1098.0,567.0,345.0,431.0,211.0,67.0,99.0,167.0,21.0,2064.0,2658.0,58.0,53542.0,2016
New South Wales,$125-$149,115.0,446.0,450.0,1941.0,2987.0,4732.0,3465.0,2827.0,2003.0,1751.0,1206.0,710.0,558.0,692.0,372.0,227.0,212.0,115.0,35.0,37.0,63.0,31.0,1620.0,906.0,36.0,27524.0,2016
New South Wales,$150-$174,216.0,873.0,792.0,2803.0,4813.0,8779.0,6154.0,9359.0,4488.0,4345.0,3209.0,1645.0,1283.0,2108.0,890.0,480.0,451.0,159.0,96.0,149.0,166.0,64.0,3303.0,1817.0,61.0,58512.0,2016
New South Wales,$175-$199,171.0,637.0,512.0,1963.0,2901.0,5576.0,5289.0,6258.0,4412.0,3643.0,2656.0,1506.0,1286.0,1603.0,686.0,304.0,310.0,126.0,103.0,93.0,160.0,64.0,2739.0,1270.0,70.0,44349.0,2016
New South Wales,$200-$224,274.0,991.0,676.0,2502.0,3594.0,7120.0,6938.0,10487.0,9007.0,7764.0,5387.0,3350.0,2659.0,3479.0,1646.0,730.0,636.0,214.0,169.0,181.0,121.0,55.0,4502.0,1597.0,62.0,74151.0,2016
New South Wales,$225-$249,144.0,622.0,320.0,1112.0,1711.0,3622.0,4454.0,5968.0,5287.0,4934.0,3791.0,2657.0,2014.0,2431.0,1451.0,660.0,434.0,169.0,151.0,87.0,166.0,27.0,3071.0,916.0,50.0,46239.0,2016
New South Wales,$250-$274,222.0,924.0,479.0,1678.0,2454.0,5653.0,7490.0,9713.0,9363.0,9828.0,8106.0,5388.0,4299.0,6086.0,2784.0,1374.0,890.0,288.0,270.0,227.0,220.0,47.0,5755.0,1264.0,92.0,84890.0,2016
New South Wales,$275-$299,190.0,729.0,319.0,1162.0,1517.0,3450.0,5119.0,6809.0,7428.0,7949.0,6402.0,4301.0,3083.0,4142.0,1694.0,882.0,656.0,217.0,151.0,137.0,113.0,35.0,3451.0,840.0,49.0,60842.0,2016
New South Wales,$300-$324,273.0,1527.0,669.0,1832.0,2842.0,6025.0,8648.0,12293.0,12852.0,15747.0,13666.0,9403.0,7404.0,10628.0,4716.0,2209.0,1361.0,656.0,541.0,387.0,347.0,100.0,8011.0,1514.0,121.0,123783.0,2016
New South Wales,$325-$349,140.0,734.0,288.0,835.0,1232.0,2766.0,4632.0,6764.0,7484.0,9642.0,8582.0,6114.0,4978.0,7142.0,3107.0,1468.0,950.0,360.0,245.0,219.0,173.0,49.0,4394.0,768.0,52.0,73126.0,2016
New South Wales,$350-$374,340.0,1502.0,615.0,1683.0,2159.0,4795.0,7868.0,11143.0,13466.0,17570.0,16936.0,12572.0,10151.0,15677.0,7059.0,3493.0,2018.0,842.0,657.0,433.0,275.0,91.0,9107.0,1294.0,107.0,141839.0,2016
New South Wales,$375-$399,255.0,1077.0,388.0,927.0,1154.0,2654.0,4513.0,6774.0,8381.0,12022.0,11822.0,9674.0,8351.0,12618.0,6068.0,2754.0,1480.0,654.0,460.0,367.0,152.0,35.0,6019.0,716.0,51.0,99378.0,2016
New South Wales,$400-$424,447.0,1889.0,558.0,1515.0,1728.0,4053.0,6558.0,9651.0,12675.0,17461.0,17804.0,15267.0,13737.0,22601.0,11590.0,6094.0,3397.0,1436.0,1110.0,861.0,495.0,101.0,10571.0,1202.0,131.0,162923.0,2016
New South Wales,$425-$449,148.0,920.0,313.0,627.0,628.0,1623.0,2372.0,3838.0,4984.0,7397.0,7983.0,7526.0,6912.0,11939.0,6333.0,3179.0,2069.0,982.0,636.0,396.0,278.0,82.0,5019.0,366.0,64.0,76625.0,2016
New South Wales,$450-$549,906.0,4669.0,1315.0,2651.0,2644.0,6151.0,9607.0,13530.0,19001.0,28129.0,30518.0,29357.0,28331.0,59021.0,34873.0,20437.0,15017.0,6397.0,4645.0,3618.0,1981.0,239.0,24168.0,2076.0,232.0,349521.0,2016
New South Wales,$550-$649,464.0,3896.0,853.0,1462.0,1131.0,2515.0,3567.0,5368.0,7722.0,11694.0,13978.0,13514.0,13893.0,34264.0,24151.0,17218.0,14490.0,6674.0,6015.0,5073.0,2914.0,289.0,14971.0,936.0,143.0,207174.0,2016
New South Wales,$650-$749,384.0,2651.0,565.0,761.0,603.0,937.0,1573.0,2118.0,3137.0,5165.0,5839.0,5927.0,6594.0,16599.0,13059.0,11209.0,11135.0,5760.0,5633.0,5054.0,3570.0,222.0,9384.0,445.0,70.0,118392.0,2016
New South Wales,$750-$849,177.0,1498.0,304.0,369.0,300.0,450.0,664.0,971.0,1282.0,2076.0,2626.0,2674.0,2933.0,7432.0,6405.0,5680.0,7171.0,3837.0,4021.0,4099.0,3232.0,285.0,5854.0,245.0,24.0,64598.0,2016
New South Wales,$850-$949,80.0,849.0,122.0,226.0,161.0,195.0,348.0,406.0,572.0,1060.0,1170.0,1340.0,1411.0,3654.0,3204.0,2992.0,4547.0,2658.0,2896.0,3409.0,2821.0,268.0,3664.0,175.0,31.0,38278.0,2016
New South Wales,$950 and over,242.0,1668.0,346.0,402.0,277.0,465.0,520.0,636.0,991.0,1512.0,1685.0,1847.0,1952.0,5026.0,4380.0,4019.0,9535.0,5473.0,5504.0,7346.0,9042.0,1593.0,7729.0,309.0,74.0,72582.0,2016
New South Wales,Not stated,735.0,2757.0,920.0,1985.0,2018.0,3012.0,2923.0,3735.0,3688.0,4367.0,3871.0,3006.0,2758.0,4751.0,2777.0,1848.0,1626.0,843.0,576.0,635.0,708.0,171.0,9018.0,7618.0,277.0,66616.0,2016
New South Wales,Not applicable,8535.0,37581.0,22469.0,43132.0,51988.0,159691.0,108853.0,247406.0,225053.0,304929.0,305616.0,269124.0,281227.0,571446.0,431902.0,312743.0,257242.0,167858.0,159637.0,161977.0,144566.0,25581.0,392923.0,93097.0,554271.0,5338848.0,2016
Victoria,Nil payments,220.0,1294.0,661.0,1415.0,1206.0,2833.0,2153.0,3122.0,3031.0,4170.0,3589.0,2689.0,2366.0,3838.0,2168.0,1317.0,996.0,473.0,424.0,414.0,375.0,139.0,2625.0,609.0,16.0,42145.0,2016
Victoria,$1-$74,85.0,246.0,335.0,1515.0,629.0,874.0,445.0,628.0,591.0,587.0,440.0,358.0,359.0,628.0,317.0,177.0,142.0,49.0,46.0,70.0,52.0,21.0,624.0,339.0,15.0,9561.0,2016
Victoria,$75-$99,63.0,184.0,290.0,1081.0,1026.0,1195.0,496.0,687.0,530.0,433.0,373.0,217.0,172.0,289.0,240.0,144.0,73.0,66.0,18.0,5.0,19.0,0.0,458.0,312.0,10.0,8389.0,2016
Victoria,$100-$124,114.0,627.0,677.0,2954.0,6871.0,7083.0,2028.0,2294.0,1675.0,1823.0,1179.0,988.0,627.0,929.0,452.0,272.0,260.0,112.0,74.0,33.0,104.0,31.0,1462.0,1515.0,34.0,34215.0,2016
Victoria,$125-$149,119.0,429.0,411.0,1602.0,2333.0,3723.0,2706.0,2212.0,1576.0,1386.0,1008.0,606.0,557.0,710.0,435.0,232.0,200.0,81.0,49.0,52.0,30.0,6.0,1185.0,681.0,35.0,22377.0,2016
Victoria,$150-$174,208.0,712.0,542.0,2041.0,2725.0,5305.0,4243.0,5154.0,3277.0,3161.0,2222.0,1454.0,1008.0,1400.0,661.0,388.0,287.0,91.0,67.0,63.0,109.0,29.0,2269.0,1024.0,42.0,38490.0,2016
Victoria,$175-$199,129.0,701.0,427.0,1404.0,1935.0,4156.0,3981.0,4563.0,3530.0,3308.0,2363.0,1342.0,1036.0,1297.0,480.0,239.0,221.0,97.0,60.0,20.0,77.0,32.0,2136.0,835.0,36.0,34409.0,2016
Victoria,$200-$224,187.0,941.0,668.0,1946.0,2721.0,5392.0,5776.0,7406.0,7170.0,6560.0,4837.0,2907.0,2129.0,2686.0,1110.0,592.0,359.0,150.0,148.0,95.0,141.0,28.0,3383.0,1207.0,24.0,58562.0,2016
Victoria,$225-$249,157.0,1005.0,393.0,1289.0,1703.0,3852.0,4650.0,5758.0,5958.0,6083.0,4695.0,3095.0,2365.0,3007.0,1271.0,601.0,416.0,161.0,111.0,60.0,90.0,36.0,2770.0,767.0,43.0,50330.0,2016
Victoria,$250-$274,265.0,1498.0,616.0,1897.0,2475.0,5399.0,7366.0,9799.0,10516.0,11779.0,9636.0,6382.0,4751.0,6261.0,2486.0,1013.0,617.0,321.0,148.0,112.0,162.0,50.0,5246.0,1088.0,63.0,89935.0,2016
Victoria,$275-$299,318.0,1314.0,503.0,1475.0,1796.0,4127.0,6202.0,8251.0,9781.0,11962.0,10143.0,7042.0,5354.0,7282.0,3063.0,1359.0,822.0,325.0,247.0,144.0,79.0,38.0,4950.0,881.0,65.0,87528.0,2016
Victoria,$300-$324,411.0,2576.0,999.0,2258.0,2833.0,6375.0,9624.0,13246.0,16317.0,20487.0,19705.0,14489.0,11717.0,17164.0,8080.0,3364.0,2032.0,834.0,623.0,420.0,313.0,69.0,10315.0,1433.0,138.0,165804.0,2016
Victoria,$325-$349,283.0,1561.0,540.0,1384.0,1491.0,3429.0,5376.0,7404.0,9780.0,13272.0,13665.0,10636.0,9378.0,14384.0,6827.0,3035.0,2061.0,831.0,414.0,372.0,248.0,40.0,7299.0,743.0,74.0,114548.0,2016
Victoria,$350-$374,432.0,2507.0,714.0,1679.0,1793.0,3863.0,5783.0,8582.0,11030.0,15844.0,16766.0,14372.0,13234.0,21926.0,10958.0,5178.0,3225.0,1392.0,863.0,604.0,393.0,108.0,9857.0,998.0,82.0,152199.0,2016
Victoria,$375-$399,181.0,1591.0,452.0,845.0,873.0,1639.0,2624.0,3828.0,5349.0,8071.0,8930.0,8471.0,7845.0,15173.0,8298.0,4061.0,2679.0,1263.0,725.0,511.0,321.0,37.0,5891.0,560.0,18.0,90244.0,2016
Victoria,$400-$424,245.0,2047.0,555.0,954.0,793.0,1804.0,2469.0,3957.0,4855.0,7941.0,8854.0,8284.0,8537.0,16677.0,9426.0,5336.0,3505.0,1671.0,1149.0,995.0,380.0,68.0,6987.0,530.0,79.0,98111.0,2016
Victoria,$425-$449,110.0,914.0,251.0,336.0,303.0,591.0,878.0,1273.0,1819.0,2874.0,3258.0,3246.0,3506.0,7621.0,4595.0,2851.0,1941.0,835.0,602.0,513.0,202.0,43.0,2793.0,172.0,33.0,41559.0,2016
Victoria,$450-$549,452.0,4677.0,1074.0,1529.0,1171.0,1992.0,2824.0,3994.0,5657.0,9000.0,9942.0,9958.0,10781.0,25319.0,17343.0,11901.0,10386.0,4544.0,3759.0,3028.0,1762.0,148.0,11643.0,621.0,91.0,153590.0,2016
Victoria,$550-$649,307.0,3193.0,486.0,767.0,524.0,823.0,997.0,1506.0,2178.0,3139.0,3527.0,3474.0,3719.0,9242.0,7435.0,6203.0,6518.0,3365.0,3010.0,2898.0,1781.0,130.0,6409.0,323.0,28.0,72005.0,2016
Victoria,$650-$749,132.0,1356.0,230.0,288.0,234.0,386.0,551.0,715.0,824.0,1299.0,1407.0,1277.0,1526.0,3787.0,3323.0,2809.0,3455.0,2234.0,1958.0,2111.0,1649.0,160.0,3483.0,127.0,35.0,35343.0,2016
Victoria,$750-$849,74.0,698.0,130.0,159.0,98.0,204.0,260.0,318.0,419.0,632.0,721.0,667.0,750.0,1830.0,1465.0,1253.0,1996.0,1325.0,1315.0,1299.0,1244.0,168.0,1963.0,109.0,10.0,19102.0,2016
Victoria,$850-$949,36.0,269.0,56.0,95.0,49.0,102.0,93.0,134.0,239.0,280.0,345.0,342.0,420.0,889.0,681.0,560.0,1117.0,784.0,690.0,901.0,968.0,124.0,1203.0,27.0,21.0,10425.0,2016
Victoria,$950 and over,121.0,551.0,156.0,243.0,161.0,280.0,399.0,499.0,704.0,874.0,1050.0,1064.0,966.0,2155.0,1519.0,1107.0,2736.0,1347.0,1287.0,1635.0,2031.0,516.0,2483.0,153.0,38.0,24078.0,2016
Victoria,Not stated,660.0,2417.0,874.0,1526.0,1450.0,2229.0,2251.0,2635.0,2965.0,3553.0,3116.0,2519.0,2100.0,3695.0,2016.0,1050.0,1090.0,506.0,411.0,391.0,346.0,112.0,6269.0,5830.0,121.0,50134.0,2016
Victoria,Not applicable,8399.0,37019.0,21605.0,41415.0,45502.0,135691.0,98792.0,210455.0,207323.0,279593.0,280016.0,251483.0,255437.0,499399.0,358768.0,234570.0,180774.0,116600.0,105888.0,101448.0,82937.0,13841.0,316873.0,83539.0,402473.0,4369837.0,2016
Queensland,Nil payments,108.0,649.0,447.0,994.0,882.0,2377.0,1574.0,2591.0,2720.0,3548.0,3243.0,2378.0,2417.0,3843.0,2140.0,1390.0,1022.0,527.0,544.0,429.0,265.0,130.0,2279.0,517.0,24.0,37031.0,2016
Queensland,$1-$74,43.0,137.0,326.0,1579.0,687.0,933.0,669.0,782.0,806.0,872.0,989.0,815.0,910.0,2333.0,1633.0,985.0,1321.0,785.0,566.0,355.0,218.0,24.0,1378.0,366.0,19.0,19538.0,2016
Queensland,$75-$99,28.0,112.0,184.0,1147.0,1426.0,1890.0,606.0,871.0,792.0,816.0,672.0,470.0,427.0,791.0,514.0,276.0,319.0,134.0,99.0,69.0,32.0,7.0,713.0,428.0,13.0,12835.0,2016
Queensland,$100-$124,90.0,325.0,397.0,2025.0,4555.0,6474.0,2173.0,2559.0,2139.0,2025.0,1697.0,1118.0,973.0,1572.0,760.0,462.0,399.0,233.0,111.0,116.0,96.0,32.0,1808.0,1020.0,30.0,33173.0,2016
Queensland,$125-$149,115.0,356.0,278.0,1144.0,1653.0,2792.0,2386.0,2258.0,1622.0,1633.0,1281.0,646.0,608.0,877.0,491.0,268.0,211.0,91.0,57.0,25.0,28.0,7.0,1472.0,509.0,25.0,20828.0,2016
Queensland,$150-$174,113.0,436.0,347.0,1555.0,2522.0,4703.0,4025.0,5138.0,3531.0,3104.0,2492.0,1707.0,1282.0,2063.0,938.0,455.0,418.0,178.0,80.0,74.0,51.0,40.0,2663.0,989.0,36.0,38963.0,2016
Queensland,$175-$199,73.0,359.0,358.0,1092.0,1936.0,3857.0,3761.0,4526.0,3545.0,2841.0,2081.0,1226.0,895.0,1343.0,593.0,274.0,226.0,66.0,77.0,115.0,47.0,45.0,2018.0,782.0,47.0,32179.0,2016
Queensland,$200-$224,154.0,655.0,426.0,1476.0,2310.0,5273.0,5480.0,7417.0,6887.0,5961.0,4482.0,2696.0,2195.0,2830.0,1217.0,577.0,517.0,186.0,133.0,146.0,141.0,28.0,3440.0,1097.0,59.0,55777.0,2016
Queensland,$225-$249,113.0,376.0,246.0,941.0,1510.0,4002.0,4282.0,5451.0,5144.0,5203.0,4186.0,2809.0,1910.0,2575.0,1029.0,534.0,334.0,144.0,88.0,67.0,100.0,6.0,2689.0,746.0,48.0,44539.0,2016
Queensland,$250-$274,175.0,756.0,423.0,1477.0,2401.0,5837.0,7751.0,10628.0,10686.0,11552.0,9423.0,6403.0,4969.0,6714.0,3030.0,1136.0,855.0,303.0,231.0,150.0,157.0,44.0,5831.0,1281.0,92.0,92304.0,2016
Queensland,$275-$299,116.0,596.0,273.0,989.0,1669.0,3872.0,6422.0,8601.0,8998.0,10621.0,8913.0,5514.0,4193.0,5504.0,2117.0,785.0,648.0,183.0,161.0,195.0,173.0,31.0,4391.0,903.0,58.0,75914.0,2016
Queensland,$300-$324,219.0,986.0,626.0,1565.0,2258.0,5291.0,8632.0,12731.0,14805.0,17931.0,16506.0,11330.0,9147.0,12939.0,5421.0,2548.0,1597.0,552.0,479.0,367.0,277.0,80.0,8755.0,1331.0,115.0,136486.0,2016
Queensland,$325-$349,188.0,736.0,323.0,906.0,1164.0,2892.0,4995.0,8010.0,9788.0,12910.0,12657.0,9461.0,7393.0,10329.0,4501.0,1739.0,1001.0,470.0,322.0,238.0,132.0,54.0,5986.0,751.0,76.0,97017.0,2016
Queensland,$350-$374,231.0,1072.0,542.0,1114.0,1464.0,3594.0,6404.0,10113.0,12739.0,18266.0,19095.0,14659.0,12302.0,18988.0,8879.0,3816.0,2023.0,877.0,614.0,467.0,265.0,42.0,10178.0,1043.0,145.0,148927.0,2016
Queensland,$375-$399,175.0,759.0,266.0,620.0,881.0,1933.0,3529.0,5399.0,7393.0,11224.0,12401.0,10413.0,8805.0,14784.0,7133.0,3198.0,1818.0,815.0,445.0,341.0,177.0,34.0,6941.0,613.0,81.0,100180.0,2016
Queensland,$400-$424,123.0,1134.0,425.0,837.0,929.0,2135.0,3735.0,5674.0,7796.0,12572.0,14668.0,12905.0,12256.0,20910.0,10857.0,5389.0,3058.0,1356.0,947.0,633.0,325.0,85.0,9358.0,794.0,126.0,129060.0,2016
Queensland,$425-$449,91.0,585.0,192.0,353.0,337.0,740.0,1462.0,2461.0,3319.0,5700.0,6339.0,6510.0,6061.0,11456.0,6441.0,3228.0,1781.0,811.0,558.0,313.0,194.0,24.0,4656.0,324.0,36.0,63972.0,2016
Queensland,$450-$549,330.0,2257.0,641.0,1088.0,891.0,2054.0,3357.0,5107.0,7688.0,12337.0,15716.0,15335.0,15449.0,31459.0,20091.0,12350.0,8343.0,3792.0,2823.0,2208.0,1151.0,112.0,15904.0,994.0,96.0,181568.0,2016
Queensland,$550-$649,122.0,1174.0,215.0,422.0,307.0,585.0,897.0,1348.0,1962.0,3309.0,3881.0,3986.0,4361.0,9451.0,7618.0,5453.0,4967.0,2606.0,2076.0,1926.0,907.0,94.0,6539.0,273.0,24.0,64510.0,2016
Queensland,$650-$749,92.0,477.0,87.0,201.0,120.0,244.0,381.0,499.0,709.0,1030.0,1363.0,1303.0,1401.0,3495.0,2723.0,2272.0,2509.0,1534.0,1278.0,1338.0,715.0,91.0,2930.0,96.0,21.0,26901.0,2016
Queensland,$750-$849,34.0,172.0,55.0,99.0,61.0,109.0,142.0,231.0,274.0,554.0,526.0,554.0,590.0,1369.0,1110.0,918.0,1276.0,824.0,812.0,788.0,510.0,72.0,1349.0,83.0,10.0,12518.0,2016
Queensland,$850-$949,3.0,125.0,13.0,38.0,21.0,89.0,64.0,91.0,110.0,249.0,239.0,233.0,237.0,616.0,464.0,365.0,623.0,440.0,393.0,532.0,437.0,70.0,743.0,28.0,0.0,6229.0,2016
Queensland,$950 and over,42.0,181.0,74.0,85.0,80.0,120.0,135.0,166.0,247.0,307.0,397.0,373.0,379.0,924.0,645.0,488.0,1185.0,604.0,565.0,762.0,903.0,316.0,1105.0,69.0,23.0,10180.0,2016
Queensland,Not stated,425.0,1269.0,514.0,1078.0,1291.0,1867.0,1647.0,2231.0,2418.0,2887.0,2707.0,1977.0,1740.0,2973.0,1655.0,903.0,1005.0,483.0,354.0,261.0,286.0,121.0,5010.0,5212.0,217.0,40545.0,2016
Queensland,Not applicable,5755.0,21493.0,14361.0,26319.0,30500.0,101396.0,68492.0,163735.0,145153.0,194841.0,194227.0,171659.0,182065.0,364641.0,271835.0,185297.0,136611.0,83531.0,75692.0,69476.0,51216.0,9734.0,233257.0,59818.0,418316.0,3279415.0,2016
South Australia,Nil payments,47.0,262.0,224.0,437.0,379.0,894.0,620.0,1071.0,1089.0,1349.0,1104.0,850.0,783.0,1336.0,737.0,333.0,279.0,92.0,117.0,48.0,62.0,15.0,663.0,176.0,14.0,13005.0,2016
South Australia,$1-$74,30.0,93.0,191.0,1306.0,400.0,504.0,365.0,299.0,331.0,359.0,245.0,151.0,144.0,198.0,158.0,58.0,62.0,13.0,6.0,20.0,30.0,12.0,342.0,271.0,4.0,5578.0,2016
South Australia,$75-$99,28.0,137.0,200.0,1233.0,2441.0,2497.0,507.0,710.0,607.0,436.0,341.0,178.0,143.0,213.0,90.0,41.0,61.0,20.0,23.0,32.0,5.0,0.0,528.0,627.0,10.0,11100.0,2016
South Australia,$100-$124,61.0,206.0,260.0,1300.0,3033.0,3726.0,1037.0,1220.0,1017.0,775.0,595.0,426.0,283.0,528.0,178.0,152.0,125.0,38.0,38.0,14.0,24.0,12.0,658.0,692.0,7.0,16413.0,2016
South Australia,$125-$149,48.0,177.0,170.0,723.0,1031.0,1812.0,1325.0,1309.0,813.0,717.0,543.0,320.0,216.0,349.0,202.0,100.0,90.0,34.0,35.0,25.0,37.0,4.0,558.0,308.0,5.0,10960.0,2016
South Australia,$150-$174,53.0,265.0,306.0,909.0,1335.0,2746.0,2083.0,3404.0,1780.0,1819.0,1187.0,761.0,520.0,701.0,338.0,176.0,158.0,51.0,48.0,28.0,35.0,5.0,902.0,571.0,15.0,20184.0,2016
South Australia,$175-$199,36.0,263.0,177.0,632.0,999.0,1867.0,2089.0,2543.0,1828.0,1534.0,1297.0,746.0,589.0,692.0,398.0,183.0,158.0,96.0,47.0,25.0,50.0,16.0,976.0,372.0,17.0,17630.0,2016
South Australia,$200-$224,80.0,303.0,225.0,754.0,1070.0,2281.0,2610.0,3594.0,3577.0,3210.0,2266.0,1394.0,956.0,1489.0,569.0,223.0,221.0,81.0,57.0,42.0,66.0,26.0,1539.0,516.0,24.0,27176.0,2016
South Australia,$225-$249,31.0,241.0,173.0,530.0,866.0,1687.0,2072.0,2794.0,2900.0,3116.0,2352.0,1421.0,1039.0,1272.0,510.0,229.0,157.0,53.0,32.0,23.0,23.0,5.0,1317.0,346.0,15.0,23198.0,2016
South Australia,$250-$274,101.0,479.0,303.0,847.0,1163.0,2625.0,3961.0,4865.0,5256.0,5845.0,4704.0,3119.0,2289.0,2798.0,998.0,459.0,239.0,107.0,34.0,32.0,80.0,17.0,2466.0,475.0,21.0,43280.0,2016
South Australia,$275-$299,67.0,454.0,198.0,599.0,823.0,1914.0,2937.0,3938.0,4229.0,5013.0,4255.0,2799.0,1849.0,2456.0,885.0,420.0,228.0,91.0,69.0,47.0,40.0,17.0,1757.0,308.0,40.0,35451.0,2016
South Australia,$300-$324,153.0,608.0,271.0,641.0,1080.0,2026.0,3551.0,4511.0,5487.0,6715.0,5793.0,4330.0,3398.0,4532.0,1959.0,829.0,483.0,180.0,118.0,89.0,77.0,23.0,3076.0,402.0,49.0,50376.0,2016
South Australia,$325-$349,55.0,313.0,134.0,322.0,396.0,900.0,1470.0,2133.0,2517.0,3656.0,3488.0,2517.0,2133.0,3131.0,1375.0,492.0,280.0,128.0,67.0,53.0,24.0,12.0,1701.0,157.0,31.0,27484.0,2016
South Australia,$350-$374,83.0,456.0,137.0,367.0,491.0,812.0,1445.0,2108.0,2494.0,3581.0,3876.0,3325.0,2799.0,4474.0,2066.0,932.0,510.0,215.0,136.0,141.0,48.0,29.0,2195.0,193.0,27.0,32935.0,2016
South Australia,$375-$399,58.0,341.0,97.0,190.0,204.0,412.0,622.0,816.0,1147.0,1683.0,1974.0,1693.0,1628.0,2724.0,1272.0,769.0,462.0,180.0,148.0,94.0,55.0,6.0,1394.0,94.0,11.0,18064.0,2016
South Australia,$400-$424,52.0,347.0,113.0,215.0,142.0,280.0,603.0,780.0,1102.0,1683.0,1802.0,1644.0,1485.0,2960.0,1681.0,900.0,634.0,285.0,120.0,126.0,105.0,10.0,1497.0,88.0,10.0,18675.0,2016
South Australia,$425-$449,15.0,180.0,20.0,67.0,44.0,99.0,188.0,213.0,297.0,536.0,704.0,658.0,632.0,1178.0,732.0,436.0,311.0,159.0,112.0,90.0,22.0,0.0,599.0,12.0,6.0,7299.0,2016
South Australia,$450-$549,106.0,749.0,192.0,233.0,148.0,307.0,374.0,497.0,837.0,1121.0,1331.0,1369.0,1380.0,3128.0,2123.0,1386.0,1159.0,631.0,428.0,346.0,213.0,26.0,1869.0,111.0,21.0,20080.0,2016
South Australia,$550-$649,33.0,291.0,56.0,85.0,47.0,87.0,140.0,112.0,294.0,356.0,326.0,331.0,375.0,818.0,603.0,475.0,592.0,296.0,284.0,222.0,172.0,10.0,650.0,53.0,6.0,6712.0,2016
South Australia,$650-$749,0.0,125.0,16.0,45.0,14.0,30.0,33.0,53.0,80.0,146.0,157.0,112.0,138.0,304.0,247.0,177.0,318.0,181.0,165.0,149.0,96.0,7.0,283.0,11.0,4.0,2893.0,2016
South Australia,$750-$849,5.0,39.0,0.0,28.0,16.0,14.0,14.0,43.0,53.0,68.0,70.0,62.0,58.0,137.0,82.0,66.0,164.0,92.0,74.0,123.0,83.0,20.0,195.0,3.0,0.0,1517.0,2016
South Australia,$850-$949,0.0,30.0,10.0,10.0,4.0,7.0,15.0,14.0,17.0,30.0,40.0,15.0,15.0,79.0,44.0,34.0,75.0,56.0,66.0,50.0,23.0,11.0,107.0,6.0,8.0,774.0,2016
South Australia,$950 and over,3.0,33.0,11.0,37.0,33.0,49.0,22.0,41.0,38.0,68.0,46.0,60.0,63.0,115.0,87.0,78.0,121.0,54.0,50.0,68.0,104.0,28.0,146.0,31.0,5.0,1382.0,2016
South Australia,Not stated,207.0,508.0,221.0,567.0,643.0,839.0,691.0,1016.0,949.0,1115.0,838.0,580.0,412.0,743.0,362.0,181.0,157.0,97.0,68.0,73.0,55.0,27.0,1484.0,1926.0,157.0,13914.0,2016
South Australia,Not applicable,2014.0,7296.0,5719.0,12249.0,13784.0,47129.0,32649.0,74968.0,69116.0,90847.0,88495.0,75503.0,76431.0,142866.0,99246.0,62830.0,40602.0,23950.0,21875.0,19445.0,14197.0,2510.0,85140.0,19920.0,105571.0,1234350.0,2016
Western Australia,Nil payments,84.0,524.0,275.0,567.0,542.0,1241.0,1068.0,1376.0,1478.0,1885.0,1793.0,1601.0,1449.0,2889.0,1565.0,1054.0,1072.0,478.0,533.0,390.0,379.0,34.0,1707.0,284.0,33.0,24281.0,2016
Western Australia,$1-$74,24.0,117.0,201.0,911.0,439.0,810.0,596.0,741.0,733.0,714.0,637.0,431.0,457.0,1577.0,729.0,542.0,1103.0,811.0,626.0,571.0,362.0,45.0,1590.0,507.0,11.0,15298.0,2016
Western Australia,$75-$99,28.0,79.0,134.0,668.0,656.0,876.0,363.0,567.0,418.0,420.0,297.0,236.0,181.0,385.0,188.0,158.0,177.0,110.0,76.0,60.0,60.0,6.0,526.0,261.0,0.0,6932.0,2016
Western Australia,$100-$124,70.0,231.0,257.0,1242.0,2958.0,3391.0,910.0,1118.0,987.0,1052.0,708.0,529.0,451.0,1067.0,630.0,436.0,551.0,305.0,231.0,241.0,185.0,18.0,1283.0,720.0,12.0,19578.0,2016
Western Australia,$125-$149,57.0,148.0,178.0,655.0,940.0,1662.0,1151.0,1052.0,634.0,660.0,521.0,359.0,264.0,517.0,338.0,219.0,232.0,102.0,119.0,103.0,60.0,22.0,741.0,352.0,11.0,11078.0,2016
Western Australia,$150-$174,38.0,256.0,206.0,835.0,1292.0,2246.0,1823.0,2516.0,1316.0,1246.0,1092.0,621.0,639.0,1015.0,493.0,378.0,227.0,173.0,167.0,85.0,108.0,17.0,1120.0,462.0,27.0,18391.0,2016
Western Australia,$175-$199,47.0,145.0,169.0,521.0,715.0,1266.0,1198.0,1730.0,999.0,959.0,658.0,525.0,387.0,793.0,480.0,272.0,276.0,183.0,113.0,71.0,80.0,16.0,896.0,317.0,22.0,12816.0,2016
Western Australia,$200-$224,59.0,219.0,165.0,583.0,813.0,1664.0,1644.0,2224.0,2169.0,2046.0,1423.0,1007.0,959.0,1598.0,865.0,476.0,384.0,161.0,201.0,136.0,110.0,9.0,1593.0,407.0,19.0,20921.0,2016
Western Australia,$225-$249,32.0,131.0,94.0,285.0,391.0,864.0,903.0,1186.0,1273.0,1214.0,901.0,796.0,601.0,907.0,491.0,277.0,249.0,109.0,93.0,65.0,55.0,3.0,871.0,172.0,8.0,11970.0,2016
Western Australia,$250-$274,66.0,324.0,193.0,557.0,895.0,1616.0,2095.0,2649.0,2670.0,2892.0,2338.0,1733.0,1512.0,2176.0,974.0,502.0,506.0,177.0,186.0,147.0,102.0,50.0,1846.0,316.0,52.0,26584.0,2016
Western Australia,$275-$299,37.0,262.0,128.0,414.0,451.0,1126.0,1654.0,1953.0,2173.0,2408.0,1981.0,1377.0,1123.0,1616.0,707.0,407.0,282.0,120.0,72.0,89.0,26.0,25.0,1442.0,238.0,10.0,20113.0,2016
Western Australia,$300-$324,123.0,613.0,264.0,824.0,1223.0,2398.0,3731.0,4307.0,5013.0,5946.0,5245.0,4117.0,3197.0,4753.0,2276.0,1210.0,848.0,327.0,259.0,199.0,167.0,62.0,3366.0,439.0,43.0,50937.0,2016
Western Australia,$325-$349,110.0,358.0,105.0,412.0,574.0,1110.0,1757.0,2369.0,2941.0,3508.0,3074.0,2490.0,2014.0,3109.0,1292.0,647.0,366.0,206.0,112.0,78.0,64.0,9.0,1887.0,230.0,31.0,28846.0,2016
Western Australia,$350-$374,170.0,696.0,337.0,730.0,1028.0,2004.0,3229.0,4467.0,5283.0,6979.0,6961.0,5675.0,4704.0,7826.0,3711.0,1738.0,1105.0,449.0,302.0,243.0,107.0,26.0,4565.0,479.0,61.0,62881.0,2016
Western Australia,$375-$399,85.0,412.0,192.0,307.0,446.0,967.0,1723.0,2182.0,2862.0,4171.0,4557.0,3752.0,3223.0,5974.0,3039.0,1478.0,923.0,423.0,346.0,312.0,143.0,13.0,3234.0,242.0,24.0,41053.0,2016
Western Australia,$400-$424,115.0,742.0,285.0,685.0,536.0,1150.0,1960.0,2879.0,3790.0,5767.0,6328.0,5691.0,5226.0,9963.0,5599.0,2948.0,2062.0,838.0,666.0,604.0,215.0,25.0,5794.0,371.0,47.0,64267.0,2016
Western Australia,$425-$449,14.0,267.0,82.0,176.0,153.0,332.0,519.0,700.0,1021.0,1720.0,2062.0,1854.0,2008.0,3890.0,2206.0,1361.0,882.0,421.0,281.0,307.0,75.0,10.0,2224.0,129.0,12.0,22683.0,2016
Western Australia,$450-$549,140.0,1058.0,382.0,655.0,496.0,1020.0,1602.0,2155.0,3268.0,5455.0,6038.0,6477.0,6327.0,14311.0,9994.0,6150.0,5296.0,2481.0,1971.0,1756.0,964.0,96.0,9100.0,392.0,70.0,87626.0,2016
Western Australia,$550-$649,51.0,406.0,112.0,161.0,159.0,211.0,350.0,483.0,657.0,1112.0,1228.0,1470.0,1694.0,4421.0,3259.0,2509.0,3137.0,1599.0,1370.0,1260.0,763.0,70.0,3492.0,130.0,17.0,30125.0,2016
Western Australia,$650-$749,25.0,157.0,43.0,47.0,57.0,65.0,184.0,204.0,278.0,397.0,531.0,497.0,557.0,1573.0,1234.0,1035.0,1582.0,1027.0,870.0,766.0,572.0,99.0,1451.0,79.0,13.0,13329.0,2016
Western Australia,$750-$849,17.0,86.0,31.0,33.0,24.0,35.0,60.0,80.0,150.0,214.0,221.0,286.0,239.0,720.0,584.0,543.0,966.0,558.0,543.0,615.0,493.0,64.0,836.0,53.0,9.0,7455.0,2016
Western Australia,$850-$949,7.0,44.0,24.0,30.0,20.0,23.0,25.0,40.0,50.0,111.0,86.0,95.0,115.0,377.0,316.0,206.0,596.0,348.0,291.0,300.0,322.0,51.0,490.0,25.0,6.0,3994.0,2016
Western Australia,$950 and over,20.0,81.0,34.0,35.0,40.0,67.0,69.0,138.0,140.0,193.0,220.0,167.0,235.0,560.0,341.0,313.0,1489.0,608.0,607.0,581.0,817.0,213.0,740.0,51.0,0.0,7773.0,2016
Western Australia,Not stated,236.0,645.0,303.0,640.0,562.0,851.0,693.0,982.0,1073.0,1288.0,1114.0,891.0,975.0,1821.0,1134.0,833.0,962.0,412.0,336.0,257.0,254.0,96.0,2896.0,2488.0,117.0,21871.0,2016
Western Australia,Not applicable,3035.0,13836.0,8061.0,15317.0,16073.0,48672.0,34836.0,75762.0,69739.0,97447.0,97666.0,91239.0,97850.0,208954.0,152418.0,106984.0,93001.0,59653.0,55358.0,49569.0,37751.0,6752.0,153680.0,29905.0,232231.0,1855790.0,2016
Tasmania,Nil payments,8.0,36.0,54.0,139.0,167.0,327.0,284.0,355.0,426.0,489.0,494.0,326.0,301.0,446.0,248.0,137.0,105.0,29.0,19.0,14.0,10.0,6.0,284.0,67.0,4.0,4801.0,2016
Tasmania,$1-$74,3.0,22.0,70.0,380.0,103.0,180.0,130.0,132.0,124.0,145.0,105.0,99.0,52.0,126.0,72.0,18.0,44.0,11.0,8.0,3.0,8.0,0.0,98.0,59.0,6.0,1986.0,2016
Tasmania,$75-$99,13.0,25.0,52.0,282.0,482.0,627.0,122.0,193.0,128.0,82.0,73.0,49.0,17.0,34.0,7.0,12.0,13.0,0.0,0.0,0.0,0.0,0.0,74.0,123.0,0.0,2393.0,2016
Tasmania,$100-$124,19.0,44.0,81.0,463.0,864.0,1109.0,404.0,471.0,328.0,278.0,202.0,100.0,69.0,120.0,83.0,9.0,35.0,4.0,5.0,0.0,4.0,0.0,179.0,197.0,12.0,5070.0,2016
Tasmania,$125-$149,11.0,45.0,49.0,252.0,425.0,736.0,575.0,536.0,339.0,280.0,182.0,130.0,52.0,89.0,24.0,28.0,24.0,6.0,4.0,0.0,14.0,0.0,209.0,132.0,5.0,4151.0,2016
Tasmania,$150-$174,12.0,63.0,64.0,335.0,649.0,1106.0,895.0,1209.0,749.0,547.0,357.0,252.0,161.0,251.0,77.0,31.0,37.0,19.0,3.0,0.0,21.0,0.0,383.0,185.0,6.0,7414.0,2016
Tasmania,$175-$199,22.0,77.0,73.0,327.0,599.0,993.0,1083.0,1202.0,889.0,766.0,512.0,236.0,201.0,199.0,55.0,28.0,48.0,5.0,5.0,4.0,9.0,0.0,412.0,171.0,10.0,7939.0,2016
Tasmania,$200-$224,41.0,99.0,76.0,392.0,629.0,1322.0,1633.0,1978.0,1730.0,1762.0,1222.0,585.0,457.0,467.0,206.0,49.0,41.0,18.0,28.0,17.0,48.0,13.0,875.0,321.0,21.0,14028.0,2016
Tasmania,$225-$249,12.0,99.0,57.0,216.0,366.0,784.0,1002.0,1230.0,1244.0,1263.0,908.0,493.0,340.0,399.0,123.0,41.0,23.0,12.0,10.0,0.0,27.0,0.0,468.0,117.0,8.0,9233.0,2016
Tasmania,$250-$274,15.0,102.0,55.0,293.0,369.0,1015.0,1408.0,1958.0,1928.0,2164.0,1735.0,1052.0,761.0,866.0,297.0,142.0,99.0,14.0,36.0,6.0,31.0,8.0,955.0,226.0,5.0,15542.0,2016
Tasmania,$275-$299,14.0,107.0,42.0,125.0,220.0,510.0,956.0,1198.0,1309.0,1549.0,1163.0,743.0,519.0,713.0,226.0,104.0,98.0,31.0,19.0,8.0,21.0,0.0,686.0,107.0,3.0,10485.0,2016
Tasmania,$300-$324,18.0,101.0,49.0,185.0,228.0,505.0,787.0,1073.0,1394.0,1741.0,1605.0,1162.0,907.0,1109.0,503.0,191.0,120.0,36.0,33.0,17.0,25.0,0.0,794.0,107.0,24.0,12739.0,2016
Tasmania,$325-$349,15.0,29.0,16.0,72.0,55.0,162.0,257.0,417.0,572.0,625.0,819.0,429.0,422.0,624.0,237.0,87.0,59.0,30.0,3.0,22.0,7.0,0.0,340.0,23.0,3.0,5327.0,2016
Tasmania,$350-$374,9.0,65.0,38.0,29.0,84.0,221.0,273.0,423.0,494.0,722.0,857.0,598.0,537.0,856.0,370.0,201.0,89.0,50.0,36.0,36.0,21.0,7.0,504.0,27.0,3.0,6558.0,2016
Tasmania,$375-$399,13.0,34.0,13.0,13.0,35.0,51.0,122.0,142.0,239.0,289.0,299.0,304.0,274.0,429.0,289.0,128.0,111.0,26.0,8.0,36.0,3.0,0.0,258.0,15.0,0.0,3151.0,2016
Tasmania,$400-$424,14.0,33.0,25.0,27.0,13.0,43.0,74.0,134.0,231.0,321.0,276.0,265.0,279.0,512.0,297.0,157.0,101.0,73.0,22.0,24.0,15.0,0.0,309.0,17.0,9.0,3262.0,2016
Tasmania,$425-$449,6.0,25.0,10.0,13.0,6.0,21.0,5.0,31.0,43.0,79.0,124.0,128.0,113.0,158.0,129.0,46.0,27.0,30.0,14.0,13.0,10.0,0.0,115.0,3.0,0.0,1158.0,2016
Tasmania,$450-$549,16.0,54.0,54.0,45.0,21.0,49.0,62.0,98.0,126.0,237.0,218.0,294.0,243.0,576.0,328.0,227.0,249.0,126.0,74.0,48.0,30.0,0.0,400.0,17.0,8.0,3611.0,2016
Tasmania,$550-$649,6.0,51.0,3.0,12.0,11.0,29.0,43.0,44.0,32.0,69.0,78.0,43.0,73.0,109.0,73.0,85.0,84.0,45.0,49.0,16.0,18.0,0.0,151.0,0.0,0.0,1126.0,2016
Tasmania,$650-$749,5.0,13.0,12.0,5.0,3.0,11.0,15.0,15.0,8.0,4.0,31.0,15.0,20.0,27.0,36.0,43.0,17.0,8.0,16.0,22.0,27.0,0.0,39.0,5.0,0.0,397.0,2016
Tasmania,$750-$849,0.0,0.0,4.0,3.0,0.0,6.0,0.0,3.0,11.0,19.0,4.0,6.0,20.0,17.0,17.0,0.0,7.0,5.0,23.0,7.0,5.0,0.0,11.0,0.0,0.0,176.0,2016
Tasmania,$850-$949,0.0,4.0,0.0,8.0,0.0,3.0,5.0,0.0,3.0,0.0,0.0,0.0,3.0,0.0,0.0,0.0,5.0,7.0,0.0,0.0,4.0,0.0,9.0,3.0,0.0,47.0,2016
Tasmania,$950 and over,0.0,16.0,0.0,0.0,13.0,9.0,26.0,20.0,12.0,16.0,10.0,4.0,7.0,15.0,6.0,4.0,0.0,3.0,8.0,0.0,12.0,0.0,21.0,26.0,0.0,224.0,2016
Tasmania,Not stated,40.0,108.0,66.0,145.0,177.0,252.0,257.0,239.0,253.0,230.0,224.0,161.0,150.0,173.0,119.0,42.0,95.0,13.0,16.0,21.0,11.0,0.0,375.0,537.0,10.0,3702.0,2016
Tasmania,Not applicable,472.0,1871.0,1543.0,3957.0,4952.0,16505.0,11121.0,25595.0,22666.0,29706.0,28835.0,24480.0,23515.0,42037.0,26845.0,16039.0,10178.0,5377.0,4829.0,4203.0,3076.0,560.0,25687.0,6643.0,35995.0,376679.0,2016
Northern Territory,Nil payments,9.0,58.0,26.0,85.0,60.0,173.0,85.0,201.0,261.0,386.0,377.0,431.0,513.0,985.0,690.0,483.0,510.0,243.0,186.0,129.0,137.0,6.0,567.0,122.0,38.0,6751.0,2016
Northern Territory,$1-$74,38.0,90.0,226.0,685.0,469.0,1038.0,803.0,1210.0,1374.0,1668.0,1427.0,1065.0,821.0,1158.0,544.0,377.0,214.0,162.0,85.0,87.0,107.0,18.0,2808.0,1130.0,5.0,17644.0,2016
Northern Territory,$75-$99,19.0,10.0,74.0,224.0,295.0,519.0,273.0,378.0,540.0,407.0,466.0,390.0,268.0,439.0,187.0,182.0,88.0,42.0,43.0,46.0,34.0,4.0,828.0,226.0,11.0,6001.0,2016
Northern Territory,$100-$124,0.0,30.0,32.0,165.0,179.0,287.0,356.0,403.0,448.0,440.0,479.0,318.0,275.0,410.0,178.0,142.0,66.0,44.0,22.0,17.0,14.0,11.0,890.0,156.0,11.0,5382.0,2016
Northern Territory,$125-$149,10.0,16.0,13.0,67.0,62.0,195.0,136.0,199.0,207.0,218.0,172.0,123.0,93.0,184.0,122.0,68.0,4.0,24.0,9.0,15.0,12.0,12.0,421.0,63.0,0.0,2448.0,2016
Northern Territory,$150-$174,11.0,31.0,32.0,59.0,62.0,193.0,135.0,251.0,307.0,292.0,304.0,268.0,168.0,240.0,122.0,66.0,47.0,32.0,16.0,9.0,33.0,0.0,406.0,72.0,7.0,3168.0,2016
Northern Territory,$175-$199,5.0,3.0,15.0,27.0,49.0,64.0,99.0,136.0,159.0,235.0,198.0,99.0,101.0,172.0,99.0,55.0,11.0,34.0,8.0,10.0,7.0,0.0,154.0,43.0,0.0,1764.0,2016
Northern Territory,$200-$224,3.0,11.0,11.0,33.0,44.0,91.0,147.0,139.0,184.0,302.0,245.0,199.0,154.0,204.0,129.0,78.0,46.0,37.0,16.0,12.0,16.0,4.0,296.0,88.0,3.0,2498.0,2016
Northern Territory,$225-$249,0.0,14.0,0.0,18.0,17.0,14.0,55.0,64.0,110.0,131.0,173.0,279.0,198.0,379.0,277.0,95.0,65.0,58.0,15.0,43.0,12.0,0.0,239.0,24.0,0.0,2289.0,2016
Northern Territory,$250-$274,3.0,8.0,4.0,14.0,31.0,35.0,67.0,130.0,129.0,203.0,284.0,228.0,293.0,516.0,369.0,209.0,152.0,46.0,37.0,25.0,5.0,0.0,266.0,46.0,6.0,3093.0,2016
Northern Territory,$275-$299,0.0,4.0,0.0,7.0,12.0,19.0,34.0,53.0,90.0,138.0,81.0,117.0,60.0,179.0,91.0,23.0,29.0,9.0,8.0,6.0,3.0,0.0,99.0,17.0,0.0,1085.0,2016
Northern Territory,$300-$324,5.0,5.0,12.0,23.0,32.0,69.0,76.0,127.0,182.0,294.0,292.0,247.0,231.0,439.0,248.0,186.0,109.0,65.0,61.0,47.0,22.0,0.0,202.0,27.0,0.0,2997.0,2016
Northern Territory,$325-$349,4.0,10.0,3.0,11.0,11.0,23.0,56.0,52.0,130.0,180.0,176.0,128.0,115.0,234.0,107.0,62.0,61.0,19.0,20.0,31.0,19.0,0.0,84.0,10.0,0.0,1541.0,2016
Northern Territory,$350-$374,7.0,15.0,8.0,13.0,24.0,37.0,65.0,142.0,174.0,339.0,414.0,321.0,351.0,694.0,321.0,163.0,114.0,47.0,58.0,35.0,17.0,4.0,193.0,32.0,12.0,3604.0,2016
Northern Territory,$375-$399,0.0,4.0,17.0,3.0,21.0,20.0,54.0,73.0,87.0,175.0,230.0,207.0,252.0,329.0,217.0,146.0,63.0,25.0,24.0,36.0,24.0,4.0,151.0,20.0,12.0,2198.0,2016
Northern Territory,$400-$424,4.0,33.0,10.0,21.0,11.0,26.0,83.0,115.0,215.0,289.0,383.0,381.0,365.0,836.0,464.0,265.0,123.0,73.0,40.0,44.0,40.0,10.0,375.0,25.0,3.0,4228.0,2016
Northern Territory,$425-$449,0.0,4.0,0.0,6.0,4.0,13.0,9.0,28.0,82.0,98.0,133.0,155.0,125.0,309.0,179.0,99.0,104.0,21.0,24.0,37.0,18.0,0.0,155.0,7.0,0.0,1620.0,2016
Northern Territory,$450-$549,5.0,36.0,38.0,36.0,24.0,77.0,105.0,203.0,314.0,598.0,806.0,840.0,981.0,2395.0,1480.0,1164.0,905.0,388.0,364.0,395.0,143.0,33.0,1060.0,78.0,18.0,12486.0,2016
Northern Territory,$550-$649,5.0,25.0,9.0,14.0,8.0,30.0,50.0,75.0,106.0,226.0,349.0,337.0,475.0,1360.0,980.0,711.0,864.0,525.0,439.0,446.0,172.0,45.0,705.0,50.0,3.0,8006.0,2016
Northern Territory,$650-$749,5.0,19.0,5.0,8.0,12.0,13.0,8.0,21.0,46.0,99.0,138.0,143.0,167.0,537.0,495.0,385.0,669.0,345.0,308.0,297.0,252.0,67.0,372.0,11.0,0.0,4420.0,2016
Northern Territory,$750-$849,0.0,11.0,4.0,0.0,0.0,0.0,11.0,17.0,4.0,24.0,36.0,64.0,76.0,223.0,171.0,167.0,318.0,194.0,177.0,162.0,137.0,14.0,201.0,10.0,0.0,2025.0,2016
Northern Territory,$850-$949,0.0,0.0,0.0,0.0,7.0,0.0,4.0,5.0,6.0,13.0,28.0,16.0,23.0,94.0,44.0,68.0,131.0,49.0,32.0,98.0,101.0,42.0,83.0,7.0,3.0,859.0,2016
Northern Territory,$950 and over,7.0,3.0,9.0,0.0,3.0,4.0,10.0,16.0,10.0,38.0,48.0,28.0,54.0,94.0,52.0,84.0,244.0,122.0,116.0,119.0,86.0,21.0,120.0,6.0,0.0,1293.0,2016
Northern Territory,Not stated,6.0,73.0,78.0,154.0,123.0,242.0,210.0,270.0,363.0,387.0,510.0,439.0,414.0,831.0,426.0,263.0,486.0,194.0,157.0,84.0,63.0,29.0,1437.0,1417.0,24.0,8692.0,2016
Northern Territory,Not applicable,151.0,735.0,369.0,727.0,774.0,1986.0,1360.0,2977.0,3155.0,4638.0,4882.0,4414.0,5157.0,11735.0,9933.0,8353.0,6889.0,4224.0,4106.0,4503.0,3170.0,641.0,9604.0,4552.0,44995.0,144032.0,2016
Australian Capital Territory,Nil payments,3.0,46.0,17.0,70.0,49.0,110.0,73.0,87.0,98.0,151.0,130.0,129.0,147.0,228.0,119.0,138.0,43.0,37.0,30.0,47.0,14.0,29.0,130.0,14.0,0.0,1940.0,2016
Australian Capital Territory,$1-$74,14.0,40.0,35.0,264.0,111.0,102.0,60.0,44.0,29.0,34.0,43.0,32.0,19.0,37.0,14.0,9.0,7.0,0.0,0.0,7.0,0.0,4.0,38.0,23.0,0.0,969.0,2016
Australian Capital Territory,$75-$99,6.0,21.0,32.0,252.0,504.0,511.0,120.0,121.0,90.0,52.0,45.0,25.0,9.0,24.0,17.0,3.0,11.0,4.0,0.0,0.0,5.0,3.0,82.0,68.0,0.0,2008.0,2016
Australian Capital Territory,$100-$124,16.0,43.0,52.0,259.0,628.0,890.0,459.0,281.0,210.0,185.0,95.0,67.0,56.0,77.0,18.0,32.0,19.0,3.0,0.0,0.0,10.0,3.0,119.0,96.0,6.0,3618.0,2016
Australian Capital Territory,$125-$149,0.0,27.0,35.0,140.0,231.0,324.0,328.0,375.0,164.0,134.0,88.0,56.0,44.0,60.0,32.0,19.0,8.0,6.0,0.0,4.0,7.0,0.0,113.0,35.0,0.0,2241.0,2016
Australian Capital Territory,$150-$174,8.0,57.0,22.0,104.0,122.0,323.0,328.0,461.0,327.0,244.0,139.0,92.0,76.0,120.0,49.0,27.0,25.0,5.0,12.0,22.0,30.0,3.0,138.0,31.0,4.0,2771.0,2016
Australian Capital Territory,$175-$199,10.0,33.0,34.0,65.0,97.0,143.0,216.0,295.0,231.0,180.0,110.0,100.0,45.0,87.0,31.0,17.0,13.0,19.0,11.0,8.0,0.0,0.0,98.0,14.0,0.0,1854.0,2016
Australian Capital Territory,$200-$224,0.0,35.0,32.0,56.0,105.0,132.0,198.0,313.0,349.0,235.0,187.0,97.0,72.0,136.0,75.0,46.0,59.0,8.0,10.0,13.0,12.0,0.0,158.0,19.0,0.0,2353.0,2016
Australian Capital Territory,$225-$249,5.0,26.0,12.0,25.0,46.0,53.0,111.0,176.0,201.0,240.0,161.0,163.0,145.0,213.0,143.0,87.0,44.0,24.0,12.0,13.0,16.0,0.0,164.0,8.0,0.0,2107.0,2016
Australian Capital Territory,$250-$274,0.0,18.0,7.0,39.0,39.0,101.0,133.0,191.0,258.0,331.0,285.0,248.0,189.0,339.0,235.0,115.0,65.0,15.0,14.0,17.0,3.0,7.0,171.0,21.0,5.0,2836.0,2016
Australian Capital Territory,$275-$299,0.0,28.0,4.0,32.0,20.0,57.0,92.0,136.0,204.0,329.0,299.0,205.0,140.0,220.0,74.0,46.0,27.0,18.0,12.0,7.0,7.0,0.0,90.0,6.0,9.0,2074.0,2016
Australian Capital Territory,$300-$324,23.0,53.0,28.0,54.0,60.0,120.0,244.0,325.0,450.0,774.0,670.0,477.0,434.0,773.0,436.0,263.0,208.0,104.0,116.0,59.0,24.0,0.0,309.0,18.0,3.0,6046.0,2016
Australian Capital Territory,$325-$349,5.0,33.0,16.0,28.0,37.0,74.0,119.0,205.0,260.0,533.0,553.0,468.0,349.0,662.0,334.0,164.0,183.0,109.0,104.0,58.0,47.0,4.0,233.0,22.0,4.0,4593.0,2016
Australian Capital Territory,$350-$374,19.0,60.0,33.0,60.0,60.0,160.0,209.0,347.0,479.0,819.0,1028.0,938.0,777.0,1396.0,616.0,319.0,217.0,75.0,68.0,62.0,12.0,0.0,385.0,16.0,0.0,8137.0,2016
Australian Capital Territory,$375-$399,8.0,86.0,26.0,60.0,38.0,86.0,185.0,229.0,346.0,693.0,884.0,717.0,838.0,1280.0,772.0,348.0,214.0,87.0,43.0,44.0,3.0,8.0,292.0,30.0,10.0,7308.0,2016
Australian Capital Territory,$400-$424,11.0,132.0,32.0,56.0,63.0,110.0,173.0,302.0,533.0,879.0,1159.0,1039.0,994.0,2116.0,1425.0,576.0,498.0,161.0,168.0,87.0,45.0,3.0,661.0,48.0,7.0,11286.0,2016
Australian Capital Territory,$425-$449,7.0,47.0,20.0,28.0,32.0,51.0,112.0,128.0,168.0,398.0,444.0,471.0,461.0,1297.0,777.0,363.0,248.0,154.0,86.0,50.0,40.0,4.0,339.0,31.0,0.0,5770.0,2016
Australian Capital Territory,$450-$549,38.0,257.0,55.0,118.0,101.0,164.0,294.0,349.0,600.0,1073.0,1281.0,1603.0,1696.0,4237.0,3166.0,2223.0,1848.0,721.0,663.0,474.0,234.0,12.0,1531.0,76.0,6.0,22829.0,2016
Australian Capital Territory,$550-$649,26.0,140.0,38.0,31.0,39.0,39.0,49.0,108.0,146.0,269.0,381.0,381.0,518.0,1275.0,1077.0,968.0,1042.0,548.0,586.0,423.0,332.0,28.0,730.0,12.0,3.0,9186.0,2016
Australian Capital Territory,$650-$749,0.0,72.0,15.0,9.0,5.0,16.0,16.0,34.0,73.0,68.0,128.0,85.0,131.0,405.0,327.0,265.0,415.0,295.0,220.0,252.0,156.0,25.0,340.0,21.0,3.0,3390.0,2016
Australian Capital Territory,$750-$849,3.0,21.0,17.0,10.0,6.0,18.0,14.0,21.0,36.0,63.0,52.0,33.0,60.0,127.0,104.0,88.0,164.0,87.0,109.0,116.0,129.0,23.0,166.0,3.0,3.0,1468.0,2016
Australian Capital Territory,$850-$949,0.0,21.0,6.0,3.0,0.0,0.0,0.0,4.0,3.0,18.0,17.0,13.0,19.0,76.0,54.0,43.0,113.0,77.0,86.0,64.0,69.0,6.0,77.0,8.0,0.0,781.0,2016
Australian Capital Territory,$950 and over,6.0,25.0,3.0,12.0,7.0,10.0,5.0,9.0,4.0,45.0,43.0,38.0,35.0,128.0,36.0,101.0,161.0,84.0,62.0,70.0,113.0,46.0,151.0,13.0,3.0,1222.0,2016
Australian Capital Territory,Not stated,22.0,117.0,60.0,130.0,128.0,153.0,119.0,127.0,197.0,176.0,203.0,130.0,133.0,254.0,156.0,67.0,64.0,45.0,28.0,43.0,15.0,0.0,363.0,249.0,12.0,2970.0,2016
Australian Capital Territory,Not applicable,185.0,997.0,626.0,1065.0,1282.0,3404.0,3279.0,5614.0,7003.0,10629.0,11988.0,12352.0,12415.0,31702.0,27588.0,24671.0,22493.0,13457.0,15180.0,13150.0,11917.0,1414.0,17917.0,2367.0,33300.0,286017.0,2016
Other Territories,Nil payments,0.0,0.0,0.0,0.0,4.0,7.0,8.0,10.0,0.0,20.0,26.0,32.0,7.0,24.0,14.0,15.0,8.0,19.0,10.0,0.0,0.0,0.0,11.0,0.0,0.0,220.0,2016
Other Territories,$1-$74,0.0,0.0,7.0,0.0,0.0,0.0,6.0,10.0,0.0,13.0,9.0,3.0,12.0,36.0,29.0,23.0,3.0,7.0,16.0,0.0,6.0,0.0,10.0,13.0,0.0,207.0,2016
Other Territories,$75-$99,0.0,0.0,0.0,3.0,5.0,0.0,5.0,0.0,3.0,12.0,15.0,0.0,4.0,4.0,20.0,7.0,3.0,3.0,0.0,7.0,0.0,0.0,11.0,0.0,0.0,106.0,2016
Other Territories,$100-$124,0.0,0.0,0.0,0.0,0.0,0.0,0.0,0.0,13.0,22.0,5.0,17.0,3.0,8.0,0.0,0.0,0.0,0.0,0.0,11.0,0.0,0.0,0.0,0.0,0.0,89.0,2016
Other Territories,$125-$149,0.0,0.0,0.0,0.0,4.0,10.0,4.0,5.0,7.0,0.0,4.0,5.0,0.0,7.0,0.0,0.0,0.0,0.0,0.0,0.0,0.0,0.0,8.0,0.0,0.0,56.0,2016
Other Territories,$150-$174,0.0,0.0,0.0,9.0,3.0,4.0,8.0,12.0,13.0,19.0,17.0,4.0,10.0,14.0,4.0,10.0,7.0,0.0,0.0,0.0,0.0,0.0,19.0,3.0,0.0,139.0,2016
Other Territories,$175-$199,0.0,0.0,0.0,0.0,0.0,0.0,0.0,3.0,5.0,7.0,17.0,7.0,9.0,27.0,16.0,0.0,0.0,0.0,11.0,6.0,0.0,0.0,7.0,0.0,0.0,116.0,2016
Other Territories,$200-$224,0.0,0.0,0.0,5.0,4.0,4.0,0.0,10.0,8.0,15.0,22.0,6.0,8.0,10.0,3.0,0.0,8.0,0.0,0.0,0.0,0.0,0.0,24.0,5.0,0.0,132.0,2016
Other Territories,$225-$249,0.0,0.0,0.0,0.0,0.0,0.0,4.0,0.0,0.0,6.0,0.0,4.0,9.0,0.0,5.0,0.0,0.0,0.0,0.0,0.0,0.0,0.0,10.0,0.0,0.0,34.0,2016
Other Territories,$250-$274,0.0,0.0,0.0,0.0,0.0,0.0,0.0,0.0,0.0,9.0,4.0,8.0,9.0,7.0,0.0,15.0,0.0,0.0,0.0,0.0,0.0,0.0,7.0,0.0,0.0,52.0,2016
Other Territories,$275-$299,0.0,0.0,0.0,0.0,0.0,0.0,0.0,0.0,0.0,3.0,0.0,0.0,0.0,9.0,0.0,0.0,3.0,0.0,5.0,0.0,0.0,0.0,0.0,0.0,0.0,21.0,2016
Other Territories,$300-$324,0.0,0.0,4.0,0.0,0.0,3.0,0.0,3.0,0.0,0.0,0.0,0.0,11.0,20.0,21.0,12.0,0.0,0.0,0.0,0.0,0.0,0.0,3.0,0.0,0.0,73.0,2016
Other Territories,$325-$349,0.0,0.0,0.0,0.0,0.0,4.0,0.0,0.0,0.0,0.0,0.0,0.0,0.0,0.0,0.0,0.0,0.0,0.0,0.0,0.0,0.0,0.0,0.0,0.0,0.0,16.0,2016
Other Territories,$350-$374,0.0,0.0,0.0,0.0,0.0,0.0,0.0,0.0,0.0,0.0,6.0,0.0,0.0,6.0,3.0,0.0,3.0,0.0,0.0,0.0,0.0,0.0,0.0,0.0,0.0,23.0,2016
Other Territories,$375-$399,0.0,0.0,0.0,0.0,0.0,0.0,0.0,0.0,0.0,0.0,0.0,0.0,4.0,0.0,0.0,0.0,0.0,0.0,0.0,0.0,0.0,0.0,3.0,0.0,0.0,13.0,2016
Other Territories,$400-$424,0.0,8.0,0.0,0.0,0.0,0.0,0.0,0.0,0.0,6.0,0.0,3.0,4.0,0.0,5.0,0.0,0.0,3.0,0.0,0.0,0.0,0.0,0.0,0.0,0.0,30.0,2016
Other Territories,$425-$449,0.0,0.0,0.0,0.0,0.0,0.0,0.0,0.0,0.0,0.0,0.0,0.0,0.0,0.0,0.0,3.0,0.0,0.0,0.0,0.0,0.0,0.0,15.0,0.0,0.0,26.0,2016
Other Territories,$450-$549,0.0,0.0,0.0,0.0,0.0,0.0,0.0,0.0,6.0,0.0,0.0,0.0,8.0,12.0,0.0,7.0,3.0,0.0,0.0,0.0,4.0,0.0,8.0,0.0,0.0,49.0,2016
Other Territories,$550-$649,0.0,0.0,0.0,0.0,0.0,0.0,0.0,0.0,0.0,0.0,0.0,0.0,0.0,3.0,0.0,0.0,0.0,0.0,0.0,0.0,0.0,0.0,5.0,0.0,0.0,6.0,2016
Other Territories,$650-$749,0.0,0.0,0.0,0.0,0.0,0.0,0.0,0.0,0.0,0.0,0.0,0.0,8.0,0.0,0.0,0.0,0.0,8.0,0.0,5.0,0.0,0.0,0.0,0.0,0.0,15.0,2016
Other Territories,$750-$849,0.0,0.0,0.0,0.0,0.0,0.0,0.0,0.0,0.0,0.0,0.0,0.0,0.0,0.0,4.0,0.0,0.0,0.0,0.0,0.0,0.0,0.0,0.0,0.0,0.0,4.0,2016
Other Territories,$850-$949,0.0,0.0,0.0,0.0,0.0,0.0,0.0,0.0,0.0,0.0,0.0,0.0,0.0,0.0,0.0,0.0,0.0,0.0,0.0,0.0,0.0,0.0,0.0,0.0,0.0,0.0,2016
Other Territories,$950 and over,0.0,0.0,0.0,0.0,0.0,0.0,0.0,0.0,0.0,0.0,0.0,0.0,3.0,0.0,0.0,0.0,0.0,0.0,0.0,0.0,0.0,0.0,0.0,0.0,0.0,0.0,2016
Other Territories,Not stated,3.0,0.0,0.0,0.0,0.0,0.0,0.0,7.0,14.0,4.0,8.0,11.0,8.0,29.0,12.0,0.0,5.0,0.0,6.0,0.0,0.0,0.0,14.0,31.0,0.0,166.0,2016
Other Territories,Not applicable,9.0,6.0,16.0,33.0,27.0,75.0,70.0,107.0,135.0,180.0,182.0,139.0,136.0,243.0,122.0,74.0,60.0,26.0,22.0,20.0,34.0,0.0,231.0,70.0,1590.0,3599.0,2016
Total,Nil payments,668.0,4354.0,2435.0,5275.0,4895.0,11642.0,8481.0,13064.0,13216.0,17211.0,15801.0,12348.0,11538.0,19479.0,11191.0,6826.0,5448.0,2567.0,2583.0,2055.0,1851.0,575.0,12227.0,2494.0,216.0,188445.0,2016
Total,$1-$74,361.0,1122.0,1919.0,9371.0,3922.0,5785.0,3768.0,4659.0,4740.0,5082.0,4541.0,3475.0,3393.0,7058.0,4054.0,2548.0,3261.0,1924.0,1440.0,1175.0,849.0,145.0,7698.0,3279.0,68.0,85655.0,2016
Total,$75-$99,254.0,829.0,1333.0,7175.0,8356.0,9943.0,3189.0,4499.0,3749.0,3234.0,2668.0,1816.0,1467.0,2503.0,1444.0,942.0,882.0,420.0,312.0,253.0,218.0,47.0,3844.0,2508.0,48.0,61930.0,2016
Total,$100-$124,552.0,2447.0,2589.0,13416.0,31169.0,35217.0,10284.0,11984.0,9453.0,8803.0,6373.0,4518.0,3442.0,5799.0,2856.0,1849.0,1898.0,959.0,547.0,532.0,604.0,130.0,8458.0,7047.0,174.0,171086.0,2016
Total,$125-$149,473.0,1639.0,1578.0,6534.0,9669.0,15982.0,12074.0,10769.0,7362.0,6787.0,5000.0,2958.0,2389.0,3483.0,2012.0,1161.0,981.0,456.0,315.0,260.0,262.0,85.0,6334.0,2993.0,114.0,101672.0,2016
Total,$150-$174,674.0,2692.0,2307.0,8655.0,13539.0,25398.0,19685.0,27503.0,15791.0,14772.0,11018.0,6802.0,5147.0,7918.0,3579.0,2008.0,1660.0,707.0,482.0,436.0,548.0,160.0,11200.0,5158.0,193.0,188031.0,2016
Total,$175-$199,483.0,2214.0,1771.0,6051.0,9228.0,17923.0,17714.0,21252.0,15579.0,13467.0,9902.0,5781.0,4548.0,6207.0,2839.0,1374.0,1265.0,620.0,429.0,341.0,440.0,164.0,9440.0,3803.0,213.0,153061.0,2016
Total,$200-$224,802.0,3255.0,2279.0,7744.0,11295.0,23289.0,24436.0,33574.0,31078.0,27860.0,20074.0,12228.0,9580.0,12902.0,5825.0,2770.0,2269.0,866.0,757.0,643.0,653.0,159.0,15799.0,5256.0,215.0,255599.0,2016
Total,$225-$249,487.0,2516.0,1303.0,4416.0,6610.0,14871.0,17539.0,22633.0,22111.0,22187.0,17180.0,11729.0,8611.0,11181.0,5301.0,2527.0,1719.0,720.0,498.0,355.0,488.0,84.0,11584.0,3096.0,177.0,189939.0,2016
Total,$250-$274,852.0,4098.0,2086.0,6806.0,9834.0,22281.0,30260.0,39929.0,40808.0,44595.0,36515.0,24561.0,19063.0,25765.0,11169.0,4955.0,3421.0,1277.0,952.0,728.0,758.0,225.0,22539.0,4707.0,327.0,358519.0,2016
Total,$275-$299,739.0,3502.0,1464.0,4799.0,6510.0,15084.0,23422.0,30938.0,34217.0,39965.0,33235.0,22110.0,16326.0,22118.0,8858.0,4032.0,2791.0,1002.0,754.0,636.0,464.0,150.0,16864.0,3299.0,234.0,293515.0,2016
Total,$300-$324,1226.0,6470.0,2919.0,7381.0,10567.0,22818.0,35294.0,48618.0,56496.0,69640.0,63472.0,45572.0,36446.0,52350.0,23662.0,10815.0,6760.0,2753.0,2230.0,1589.0,1246.0,336.0,34835.0,5270.0,497.0,549240.0,2016
Total,$325-$349,799.0,3779.0,1427.0,3975.0,4962.0,11362.0,18672.0,27352.0,33471.0,44318.0,43018.0,32247.0,26782.0,39612.0,17771.0,7689.0,4953.0,2150.0,1297.0,1067.0,710.0,161.0,21922.0,2708.0,273.0,352486.0,2016
Total,$350-$374,1288.0,6368.0,2429.0,5681.0,7100.0,15484.0,25268.0,37331.0,46163.0,64124.0,65937.0,52470.0,44861.0,71843.0,33983.0,15831.0,9311.0,3938.0,2729.0,2022.0,1131.0,303.0,36989.0,4087.0,440.0,557114.0,2016
Total,$375-$399,777.0,4304.0,1445.0,2967.0,3645.0,7762.0,13370.0,19447.0,25805.0,38329.0,41107.0,35228.0,31225.0,53311.0,27087.0,12892.0,7746.0,3476.0,2208.0,1732.0,880.0,141.0,24190.0,2299.0,207.0,361590.0,2016
Total,$400-$424,1007.0,6371.0,1998.0,4309.0,4213.0,9605.0,15664.0,23490.0,31205.0,46929.0,51279.0,45484.0,42884.0,76572.0,41343.0,21668.0,13381.0,5901.0,4225.0,3363.0,1616.0,309.0,35556.0,3063.0,416.0,491837.0,2016
Total,$425-$449,383.0,2944.0,884.0,1603.0,1505.0,3476.0,5545.0,8669.0,11728.0,18806.0,21046.0,20544.0,19829.0,37849.0,21392.0,11570.0,7366.0,3410.0,2317.0,1727.0,835.0,159.0,15913.0,1052.0,156.0,220710.0,2016
Total,$450-$549,2001.0,13748.0,3748.0,6351.0,5502.0,11807.0,18226.0,25937.0,37494.0,57948.0,65847.0,65237.0,65202.0,140450.0,89401.0,55837.0,43210.0,19076.0,14730.0,11876.0,6490.0,666.0,65686.0,4356.0,536.0,831357.0,2016
Total,$550-$649,1020.0,9180.0,1767.0,2958.0,2225.0,4309.0,6091.0,9049.0,13104.0,20178.0,23758.0,23532.0,25108.0,60946.0,45190.0,33616.0,31686.0,15658.0,13827.0,12269.0,7063.0,663.0,33655.0,1777.0,220.0,398856.0,2016
Total,$650-$749,650.0,4869.0,975.0,1354.0,1053.0,1693.0,2770.0,3654.0,5148.0,8206.0,9588.0,9356.0,10545.0,26732.0,21445.0,18183.0,20094.0,11394.0,10451.0,9987.0,7042.0,668.0,18280.0,788.0,152.0,205087.0,2016
Total,$750-$849,314.0,2526.0,548.0,696.0,506.0,834.0,1168.0,1681.0,2245.0,3637.0,4242.0,4344.0,4724.0,11859.0,9935.0,8720.0,12061.0,6920.0,7057.0,7219.0,5837.0,642.0,10566.0,517.0,58.0,108856.0,2016
Total,$850-$949,129.0,1330.0,233.0,413.0,265.0,421.0,558.0,697.0,1002.0,1764.0,1928.0,2047.0,2242.0,5774.0,4815.0,4272.0,7207.0,4434.0,4445.0,5359.0,4750.0,580.0,6370.0,281.0,66.0,61392.0,2016
Total,$950 and over,443.0,2556.0,630.0,816.0,617.0,1002.0,1193.0,1541.0,2158.0,3055.0,3499.0,3569.0,3693.0,9016.0,7062.0,6195.0,15461.0,8297.0,8203.0,10594.0,13105.0,2726.0,12492.0,665.0,148.0,118737.0,2016
Total,Not stated,2334.0,7893.0,3029.0,6234.0,6388.0,9431.0,8793.0,11250.0,11924.0,14014.0,12589.0,9711.0,8689.0,15263.0,8660.0,5189.0,5493.0,2588.0,1954.0,1760.0,1750.0,556.0,26856.0,25312.0,942.0,208612.0,2016
Total,Not applicable,28546.0,120842.0,74775.0,144228.0,164876.0,514543.0,359449.0,806617.0,749339.0,1012807.0,1011904.0,900385.0,934238.0,1873027.0,1378670.0,951557.0,747860.0,474691.0,442592.0,423777.0,348871.0,61045.0,1235303.0,299906.0,1828733.0,16888577.0,2016
