MONTH,AGE GROUP,DATE,NSW,VIC,QLD,WA,SA,TAS,ACT,NT,NATIONAL
Apr18,0 to 4,2018-04-30,2334.0,2640.0,1462.0,496.0,566.0,93.0,198.0,312.0,8091.0
Apr18,10 to 14,2018-04-30,1649.0,1821.0,942.0,341.0,355.0,73.0,92.0,297.0,5563.0
Apr18,15 to 19,2018-04-30,3218.0,2994.0,1230.0,614.0,834.0,302.0,213.0,318.0,9705.0
Apr18,20 to 24,2018-04-30,2670.0,3358.0,1112.0,487.0,822.0,279.0,188.0,201.0,9095.0
Apr18,25 to 29,2018-04-30,1618.0,3068.0,910.0,515.0,542.0,185.0,159.0,205.0,7176.0
Apr18,30 to 34,2018-04-30,1675.0,3330.0,1033.0,585.0,642.0,214.0,122.0,224.0,7805.0
Apr18,35 to 39,2018-04-30,1881.0,3410.0,1061.0,595.0,597.0,243.0,156.0,240.0,8153.0
Apr18,40 to 44,2018-04-30,1676.0,2870.0,977.0,546.0,502.0,211.0,127.0,239.0,7115.0
Apr18,45 to 49,2018-04-30,1522.0,2562.0,789.0,415.0,436.0,187.0,85.0,211.0,6193.0
Apr18,5 to 9,2018-04-30,1706.0,2100.0,1111.0,471.0,421.0,78.0,119.0,303.0,6296.0
Apr18,50 to 54,2018-04-30,1097.0,1675.0,532.0,290.0,260.0,123.0,76.0,166.0,4200.0
Apr18,55 to 59,2018-04-30,725.0,1016.0,351.0,196.0,181.0,83.0,42.0,114.0,2702.0
Apr18,60 to 64,2018-04-30,444.0,740.0,196.0,114.0,93.0,46.0,34.0,102.0,1763.0
Apr18,65+,2018-04-30,481.0,1250.0,194.0,153.0,84.0,64.0,24.0,97.0,2344.0
Apr19,0 to 4,2019-04-30,2280.0,2752.0,1505.0,626.0,636.0,99.0,195.0,279.0,8364.0
Apr19,10 to 14,2019-04-30,1736.0,1960.0,1046.0,425.0,379.0,62.0,83.0,330.0,6014.0
Apr19,15 to 19,2019-04-30,3539.0,2910.0,1319.0,624.0,762.0,351.0,181.0,309.0,9979.0
Apr19,20 to 24,2019-04-30,2904.0,3288.0,1211.0,583.0,813.0,319.0,165.0,249.0,9511.0
Apr19,25 to 29,2019-04-30,1644.0,2918.0,978.0,545.0,561.0,235.0,157.0,219.0,7235.0
Apr19,30 to 34,2019-04-30,1778.0,3264.0,1041.0,666.0,650.0,226.0,161.0,249.0,8004.0
Apr19,35 to 39,2019-04-30,1861.0,3224.0,1030.0,662.0,596.0,265.0,141.0,259.0,8008.0
Apr19,40 to 44,2019-04-30,1704.0,2915.0,932.0,579.0,470.0,201.0,136.0,249.0,7168.0
Apr19,45 to 49,2019-04-30,1623.0,2434.0,815.0,493.0,433.0,202.0,83.0,199.0,6259.0
Apr19,5 to 9,2019-04-30,1643.0,2541.0,1253.0,502.0,419.0,68.0,118.0,293.0,6828.0
Apr19,50 to 54,2019-04-30,1143.0,1654.0,539.0,330.0,256.0,147.0,71.0,181.0,4308.0
Apr19,55 to 59,2019-04-30,760.0,1062.0,346.0,222.0,161.0,98.0,50.0,119.0,2807.0
Apr19,60 to 64,2019-04-30,442.0,741.0,213.0,138.0,81.0,55.0,30.0,91.0,1787.0
Apr19,65+,2019-04-30,556.0,1089.0,225.0,174.0,81.0,99.0,30.0,100.0,2350.0
Apr20,0 to 4,2020-04-30,2318.0,2528.0,1431.0,464.0,580.0,94.0,225.0,310.0,7947.0
Apr20,10 to 14,2020-04-30,1636.0,1843.0,1020.0,351.0,323.0,72.0,119.0,373.0,5731.0
Apr20,15 to 19,2020-04-30,3255.0,2762.0,1300.0,603.0,736.0,298.0,222.0,384.0,9544.0
Apr20,20 to 24,2020-04-30,2889.0,3263.0,1138.0,545.0,843.0,288.0,172.0,244.0,9363.0
Apr20,25 to 29,2020-04-30,1753.0,3079.0,971.0,432.0,567.0,226.0,192.0,200.0,7403.0
Apr20,30 to 34,2020-04-30,1657.0,3480.0,1006.0,564.0,631.0,230.0,172.0,245.0,7969.0
Apr20,35 to 39,2020-04-30,1720.0,3411.0,1100.0,550.0,646.0,252.0,168.0,231.0,8051.0
Apr20,40 to 44,2020-04-30,1593.0,3098.0,923.0,477.0,524.0,192.0,158.0,203.0,7147.0
Apr20,45 to 49,2020-04-30,1486.0,2588.0,783.0,428.0,436.0,184.0,102.0,204.0,6195.0
Apr20,5 to 9,2020-04-30,1700.0,2314.0,1175.0,357.0,369.0,73.0,168.0,355.0,6505.0
Apr20,50 to 54,2020-04-30,1122.0,1823.0,564.0,294.0,300.0,168.0,89.0,162.0,4517.0
Apr20,55 to 59,2020-04-30,646.0,1139.0,355.0,163.0,185.0,95.0,61.0,111.0,2749.0
Apr20,60 to 64,2020-04-30,401.0,708.0,222.0,125.0,100.0,45.0,32.0,97.0,1730.0
Apr20,65+,2020-04-30,532.0,1159.0,222.0,137.0,111.0,84.0,29.0,80.0,2353.0
Apr21,0 to 4,2021-04-30,2532.0,2354.0,1477.0,585.0,570.0,107.0,179.0,289.0,8088.0
Apr21,10 to 14,2021-04-30,1968.0,1877.0,1048.0,453.0,383.0,73.0,119.0,348.0,6263.0
Apr21,15 to 19,2021-04-30,3551.0,2703.0,1416.0,708.0,776.0,317.0,214.0,327.0,9995.0
Apr21,20 to 24,2021-04-30,3099.0,3135.0,1347.0,609.0,787.0,329.0,180.0,252.0,9718.0
Apr21,25 to 29,2021-04-30,1833.0,3058.0,1057.0,600.0,532.0,270.0,156.0,272.0,7746.0
Apr21,30 to 34,2021-04-30,1765.0,3399.0,1112.0,649.0,621.0,236.0,183.0,253.0,8191.0
Apr21,35 to 39,2021-04-30,1846.0,3383.0,1167.0,730.0,648.0,249.0,168.0,315.0,8479.0
Apr21,40 to 44,2021-04-30,1681.0,3041.0,1005.0,597.0,503.0,220.0,150.0,257.0,7439.0
Apr21,45 to 49,2021-04-30,1523.0,2534.0,880.0,445.0,410.0,199.0,121.0,219.0,6312.0
Apr21,5 to 9,2021-04-30,2007.0,2213.0,1224.0,440.0,428.0,91.0,168.0,278.0,6845.0
Apr21,50 to 54,2021-04-30,1146.0,1896.0,612.0,415.0,292.0,156.0,81.0,210.0,4800.0
Apr21,55 to 59,2021-04-30,774.0,1141.0,400.0,239.0,173.0,107.0,63.0,150.0,3040.0
Apr21,60 to 64,2021-04-30,478.0,748.0,237.0,163.0,104.0,61.0,29.0,100.0,1915.0
Apr21,65+,2021-04-30,651.0,1134.0,277.0,198.0,123.0,115.0,37.0,128.0,2661.0
Apr22,0 to 4,2022-04-30,2511.0,2125.0,1444.0,528.0,572.0,104.0,149.0,236.0,7664.0
Apr22,10 to 14,2022-04-30,1826.0,1870.0,1045.0,366.0,385.0,72.0,126.0,273.0,5961.0
Apr22,15 to 19,2022-04-30,3216.0,2568.0,1394.0,535.0,733.0,290.0,201.0,318.0,9234.0
Apr22,20 to 24,2022-04-30,2833.0,2789.0,1392.0,583.0,708.0,349.0,190.0,305.0,9132.0
Apr22,25 to 29,2022-04-30,1642.0,2834.0,1079.0,551.0,550.0,275.0,156.0,226.0,7294.0
Apr22,30 to 34,2022-04-30,1620.0,3192.0,1074.0,592.0,561.0,254.0,187.0,273.0,7725.0
Apr22,35 to 39,2022-04-30,1750.0,3287.0,1218.0,674.0,574.0,248.0,167.0,281.0,8174.0
Apr22,40 to 44,2022-04-30,1605.0,2965.0,1015.0,579.0,473.0,264.0,160.0,262.0,7306.0
Apr22,45 to 49,2022-04-30,1339.0,2485.0,859.0,495.0,367.0,212.0,118.0,222.0,6080.0
Apr22,5 to 9,2022-04-30,1946.0,2283.0,1283.0,417.0,477.0,82.0,152.0,256.0,6886.0
Apr22,50 to 54,2022-04-30,1091.0,1865.0,649.0,391.0,263.0,187.0,97.0,183.0,4716.0
Apr22,55 to 59,2022-04-30,684.0,1147.0,418.0,225.0,171.0,157.0,66.0,167.0,3027.0
Apr22,60 to 64,2022-04-30,458.0,705.0,294.0,138.0,103.0,108.0,37.0,99.0,1941.0
Apr22,65+,2022-04-30,650.0,1140.0,325.0,251.0,125.0,207.0,49.0,121.0,2862.0
Apr23,0 to 4,2023-04-30,2142.0,2215.0,1602.0,629.0,679.0,118.0,150.0,234.0,7764.0
Apr23,10 to 14,2023-04-30,1645.0,1857.0,1163.0,421.0,434.0,64.0,107.0,171.0,5855.0
Apr23,15 to 19,2023-04-30,3084.0,2584.0,1549.0,568.0,738.0,320.0,196.0,242.0,9267.0
Apr23,20 to 24,2023-04-30,2810.0,2831.0,1547.0,580.0,761.0,314.0,208.0,265.0,9291.0
Apr23,25 to 29,2023-04-30,1715.0,2733.0,1188.0,567.0,638.0,245.0,151.0,236.0,7449.0
Apr23,30 to 34,2023-04-30,1678.0,3095.0,1271.0,667.0,635.0,216.0,184.0,283.0,8006.0
Apr23,35 to 39,2023-04-30,1692.0,3224.0,1315.0,710.0,635.0,209.0,184.0,302.0,8258.0
Apr23,40 to 44,2023-04-30,1723.0,2947.0,1228.0,669.0,531.0,208.0,151.0,281.0,7725.0
Apr23,45 to 49,2023-04-30,1387.0,2393.0,963.0,546.0,427.0,180.0,127.0,248.0,6256.0
Apr23,5 to 9,2023-04-30,1843.0,2231.0,1457.0,497.0,534.0,82.0,146.0,189.0,6977.0
Apr23,50 to 54,2023-04-30,1218.0,1872.0,805.0,476.0,303.0,158.0,109.0,216.0,5146.0
Apr23,55 to 59,2023-04-30,753.0,1243.0,530.0,298.0,176.0,129.0,76.0,158.0,3359.0
Apr23,60 to 64,2023-04-30,570.0,772.0,323.0,183.0,125.0,100.0,45.0,106.0,2221.0
Apr23,65+,2023-04-30,761.0,1215.0,459.0,248.0,139.0,216.0,50.0,124.0,3209.0
Aug17,0 to 4,2017-08-31,2195.0,2397.0,1369.0,586.0,562.0,157.0,194.0,338.0,7787.0
Aug17,10 to 14,2017-08-31,1593.0,1631.0,785.0,351.0,365.0,86.0,101.0,272.0,5184.0
Aug17,15 to 19,2017-08-31,3312.0,2888.0,1204.0,587.0,848.0,338.0,189.0,312.0,9659.0
Aug17,20 to 24,2017-08-31,2637.0,3390.0,1018.0,557.0,832.0,277.0,213.0,221.0,9117.0
Aug17,25 to 29,2017-08-31,1541.0,2916.0,854.0,536.0,577.0,217.0,151.0,240.0,7005.0
Aug17,30 to 34,2017-08-31,1647.0,3257.0,1009.0,588.0,637.0,212.0,135.0,248.0,7708.0
Aug17,35 to 39,2017-08-31,1783.0,3223.0,950.0,601.0,608.0,234.0,148.0,208.0,7726.0
Aug17,40 to 44,2017-08-31,1723.0,2827.0,875.0,557.0,526.0,183.0,121.0,213.0,7005.0
Aug17,45 to 49,2017-08-31,1468.0,2328.0,725.0,445.0,412.0,162.0,106.0,172.0,5800.0
Aug17,5 to 9,2017-08-31,1609.0,2066.0,1076.0,434.0,426.0,99.0,125.0,330.0,6159.0
Aug17,50 to 54,2017-08-31,1040.0,1594.0,493.0,298.0,245.0,127.0,77.0,142.0,3999.0
Aug17,55 to 59,2017-08-31,666.0,1062.0,288.0,188.0,158.0,72.0,44.0,95.0,2569.0
Aug17,60 to 64,2017-08-31,422.0,696.0,166.0,99.0,84.0,60.0,23.0,80.0,1627.0
Aug17,65+,2017-08-31,487.0,1251.0,193.0,161.0,85.0,72.0,26.0,86.0,2359.0
Aug18,0 to 4,2018-08-31,2486.0,2571.0,1420.0,563.0,575.0,95.0,206.0,303.0,8213.0
Aug18,10 to 14,2018-08-31,1836.0,1816.0,964.0,394.0,362.0,59.0,76.0,280.0,5783.0
Aug18,15 to 19,2018-08-31,3470.0,3021.0,1326.0,620.0,775.0,312.0,232.0,286.0,10024.0
Aug18,20 to 24,2018-08-31,2770.0,3360.0,1149.0,551.0,803.0,295.0,177.0,254.0,9336.0
Aug18,25 to 29,2018-08-31,1705.0,3113.0,944.0,524.0,546.0,195.0,172.0,225.0,7396.0
Aug18,30 to 34,2018-08-31,1722.0,3244.0,1024.0,597.0,679.0,222.0,128.0,262.0,7859.0
Aug18,35 to 39,2018-08-31,1843.0,3351.0,1108.0,600.0,610.0,238.0,147.0,250.0,8123.0
Aug18,40 to 44,2018-08-31,1739.0,2900.0,952.0,552.0,499.0,190.0,112.0,250.0,7167.0
Aug18,45 to 49,2018-08-31,1575.0,2498.0,809.0,444.0,399.0,195.0,83.0,231.0,6221.0
Aug18,5 to 9,2018-08-31,1894.0,2162.0,1086.0,460.0,392.0,62.0,123.0,319.0,6485.0
Aug18,50 to 54,2018-08-31,1129.0,1623.0,550.0,291.0,273.0,155.0,83.0,193.0,4279.0
Aug18,55 to 59,2018-08-31,754.0,1097.0,348.0,200.0,158.0,93.0,54.0,135.0,2831.0
Aug18,60 to 64,2018-08-31,422.0,695.0,189.0,131.0,93.0,59.0,22.0,106.0,1714.0
Aug18,65+,2018-08-31,514.0,1151.0,199.0,183.0,78.0,77.0,27.0,105.0,2329.0
Aug19,0 to 4,2019-08-31,2292.0,2667.0,1481.0,623.0,632.0,103.0,184.0,277.0,8252.0
Aug19,10 to 14,2019-08-31,1704.0,2060.0,951.0,468.0,394.0,61.0,83.0,386.0,6105.0
Aug19,15 to 19,2019-08-31,3334.0,2932.0,1352.0,670.0,819.0,341.0,223.0,418.0,10066.0
Aug19,20 to 24,2019-08-31,2936.0,3294.0,1175.0,590.0,788.0,345.0,176.0,256.0,9532.0
Aug19,25 to 29,2019-08-31,1648.0,3007.0,937.0,513.0,571.0,245.0,155.0,200.0,7255.0
Aug19,30 to 34,2019-08-31,1748.0,3279.0,988.0,645.0,631.0,232.0,153.0,238.0,7884.0
Aug19,35 to 39,2019-08-31,1948.0,3446.0,1009.0,652.0,586.0,272.0,171.0,255.0,8315.0
Aug19,40 to 44,2019-08-31,1686.0,2967.0,878.0,555.0,467.0,208.0,128.0,223.0,7092.0
Aug19,45 to 49,2019-08-31,1662.0,2532.0,783.0,492.0,353.0,197.0,92.0,174.0,6268.0
Aug19,5 to 9,2019-08-31,1643.0,2488.0,1079.0,537.0,456.0,65.0,118.0,257.0,6641.0
Aug19,50 to 54,2019-08-31,1118.0,1691.0,549.0,339.0,264.0,157.0,81.0,160.0,4349.0
Aug19,55 to 59,2019-08-31,706.0,1137.0,345.0,226.0,168.0,102.0,59.0,102.0,2842.0
Aug19,60 to 64,2019-08-31,444.0,783.0,221.0,154.0,79.0,49.0,30.0,84.0,1837.0
Aug19,65+,2019-08-31,533.0,1200.0,220.0,180.0,113.0,97.0,29.0,87.0,2456.0
Aug20,0 to 4,2020-08-31,2395.0,2371.0,1415.0,533.0,540.0,97.0,193.0,256.0,7798.0
Aug20,10 to 14,2020-08-31,1567.0,1697.0,924.0,367.0,346.0,82.0,120.0,298.0,5400.0
Aug20,15 to 19,2020-08-31,3242.0,2754.0,1342.0,628.0,791.0,335.0,205.0,327.0,9617.0
Aug20,20 to 24,2020-08-31,2979.0,3296.0,1188.0,564.0,826.0,327.0,205.0,234.0,9605.0
Aug20,25 to 29,2020-08-31,1633.0,3185.0,1043.0,524.0,574.0,228.0,169.0,208.0,7544.0
Aug20,30 to 34,2020-08-31,1656.0,3481.0,1041.0,587.0,659.0,229.0,178.0,233.0,8043.0
Aug20,35 to 39,2020-08-31,1726.0,3486.0,1171.0,639.0,647.0,236.0,159.0,275.0,8321.0
Aug20,40 to 44,2020-08-31,1544.0,3074.0,985.0,495.0,531.0,177.0,155.0,238.0,7191.0
Aug20,45 to 49,2020-08-31,1434.0,2511.0,845.0,444.0,453.0,184.0,109.0,202.0,6168.0
Aug20,5 to 9,2020-08-31,1745.0,2174.0,1149.0,402.0,384.0,83.0,161.0,245.0,6335.0
Aug20,50 to 54,2020-08-31,1116.0,1791.0,600.0,309.0,305.0,141.0,99.0,159.0,4515.0
Aug20,55 to 59,2020-08-31,673.0,1158.0,369.0,223.0,213.0,96.0,58.0,136.0,2920.0
Aug20,60 to 64,2020-08-31,429.0,742.0,233.0,136.0,105.0,55.0,29.0,95.0,1823.0
Aug20,65+,2020-08-31,523.0,1065.0,245.0,195.0,111.0,82.0,30.0,93.0,2343.0
Aug21,0 to 4,2021-08-31,2379.0,2387.0,1487.0,586.0,518.0,116.0,160.0,269.0,7897.0
Aug21,10 to 14,2021-08-31,1846.0,1783.0,1018.0,443.0,348.0,102.0,108.0,331.0,5976.0
Aug21,15 to 19,2021-08-31,3350.0,2702.0,1455.0,635.0,715.0,303.0,249.0,360.0,9750.0
Aug21,20 to 24,2021-08-31,3046.0,3200.0,1384.0,613.0,726.0,328.0,168.0,253.0,9698.0
Aug21,25 to 29,2021-08-31,1788.0,3316.0,1113.0,571.0,592.0,279.0,169.0,270.0,8083.0
Aug21,30 to 34,2021-08-31,1754.0,3573.0,1179.0,686.0,606.0,239.0,160.0,273.0,8447.0
Aug21,35 to 39,2021-08-31,1801.0,3661.0,1259.0,717.0,607.0,264.0,169.0,304.0,8764.0
Aug21,40 to 44,2021-08-31,1719.0,3384.0,1067.0,636.0,484.0,254.0,165.0,257.0,7950.0
Aug21,45 to 49,2021-08-31,1480.0,2711.0,916.0,473.0,410.0,228.0,117.0,219.0,6540.0
Aug21,5 to 9,2021-08-31,1982.0,2207.0,1274.0,440.0,398.0,91.0,160.0,288.0,6837.0
Aug21,50 to 54,2021-08-31,1137.0,2006.0,652.0,409.0,304.0,169.0,83.0,183.0,4938.0
Aug21,55 to 59,2021-08-31,746.0,1240.0,402.0,271.0,188.0,119.0,59.0,159.0,3178.0
Aug21,60 to 64,2021-08-31,438.0,795.0,277.0,164.0,118.0,91.0,28.0,106.0,2015.0
Aug21,65+,2021-08-31,589.0,1187.0,329.0,230.0,111.0,145.0,41.0,135.0,2765.0
Aug22,0 to 4,2022-08-31,2308.0,2327.0,1526.0,624.0,637.0,121.0,149.0,250.0,7935.0
Aug22,10 to 14,2022-08-31,1721.0,1835.0,1093.0,424.0,447.0,73.0,121.0,185.0,5881.0
Aug22,15 to 19,2022-08-31,3308.0,2583.0,1484.0,616.0,831.0,290.0,223.0,259.0,9573.0
Aug22,20 to 24,2022-08-31,2844.0,2907.0,1415.0,582.0,792.0,346.0,207.0,283.0,9347.0
Aug22,25 to 29,2022-08-31,1767.0,2938.0,1067.0,542.0,629.0,251.0,156.0,235.0,7572.0
Aug22,30 to 34,2022-08-31,1697.0,3507.0,1182.0,659.0,656.0,232.0,207.0,315.0,8421.0
Aug22,35 to 39,2022-08-31,1798.0,3418.0,1188.0,682.0,677.0,246.0,196.0,338.0,8527.0
Aug22,40 to 44,2022-08-31,1738.0,3134.0,1070.0,626.0,545.0,250.0,191.0,335.0,7869.0
Aug22,45 to 49,2022-08-31,1455.0,2517.0,934.0,494.0,437.0,184.0,126.0,224.0,6353.0
Aug22,5 to 9,2022-08-31,1754.0,2176.0,1339.0,531.0,498.0,100.0,150.0,207.0,6744.0
Aug22,50 to 54,2022-08-31,1169.0,2011.0,751.0,423.0,338.0,196.0,119.0,210.0,5199.0
Aug22,55 to 59,2022-08-31,721.0,1259.0,469.0,258.0,209.0,162.0,68.0,168.0,3303.0
Aug22,60 to 64,2022-08-31,531.0,834.0,302.0,170.0,141.0,114.0,34.0,91.0,2214.0
Aug22,65+,2022-08-31,696.0,1231.0,396.0,255.0,148.0,216.0,62.0,133.0,3134.0
Dec17,0 to 4,2017-12-31,2112.0,2397.0,1330.0,531.0,522.0,98.0,179.0,326.0,7489.0
Dec17,10 to 14,2017-12-31,1566.0,1636.0,782.0,360.0,330.0,70.0,91.0,334.0,5166.0
Dec17,15 to 19,2017-12-31,3272.0,2810.0,1112.0,571.0,759.0,291.0,190.0,320.0,9299.0
Dec17,20 to 24,2017-12-31,2472.0,3197.0,963.0,501.0,846.0,288.0,220.0,211.0,8654.0
Dec17,25 to 29,2017-12-31,1432.0,2863.0,783.0,500.0,549.0,201.0,145.0,225.0,6681.0
Dec17,30 to 34,2017-12-31,1574.0,3201.0,901.0,548.0,630.0,197.0,134.0,238.0,7399.0
Dec17,35 to 39,2017-12-31,1721.0,3168.0,957.0,613.0,511.0,229.0,151.0,242.0,7573.0
Dec17,40 to 44,2017-12-31,1649.0,2763.0,840.0,520.0,459.0,191.0,124.0,227.0,6750.0
Dec17,45 to 49,2017-12-31,1350.0,2353.0,646.0,434.0,389.0,171.0,86.0,184.0,5598.0
Dec17,5 to 9,2017-12-31,1564.0,1933.0,1010.0,475.0,412.0,97.0,107.0,352.0,5944.0
Dec17,50 to 54,2017-12-31,980.0,1606.0,450.0,278.0,232.0,132.0,72.0,166.0,3906.0
Dec17,55 to 59,2017-12-31,630.0,960.0,286.0,174.0,156.0,79.0,33.0,125.0,2439.0
Dec17,60 to 64,2017-12-31,411.0,703.0,158.0,118.0,76.0,48.0,28.0,100.0,1638.0
Dec17,65+,2017-12-31,454.0,1178.0,156.0,152.0,82.0,70.0,26.0,92.0,2208.0
Dec18,0 to 4,2018-12-31,2239.0,2693.0,1450.0,587.0,580.0,80.0,209.0,303.0,8135.0
Dec18,10 to 14,2018-12-31,1695.0,1952.0,930.0,404.0,320.0,60.0,68.0,278.0,5703.0
Dec18,15 to 19,2018-12-31,3297.0,2866.0,1306.0,618.0,769.0,319.0,183.0,274.0,9618.0
Dec18,20 to 24,2018-12-31,2666.0,3159.0,1109.0,548.0,737.0,285.0,191.0,265.0,8935.0
Dec18,25 to 29,2018-12-31,1566.0,2907.0,860.0,523.0,570.0,222.0,157.0,220.0,6998.0
Dec18,30 to 34,2018-12-31,1642.0,3170.0,965.0,615.0,633.0,204.0,146.0,251.0,7588.0
Dec18,35 to 39,2018-12-31,1729.0,3168.0,1001.0,637.0,577.0,211.0,132.0,231.0,7670.0
Dec18,40 to 44,2018-12-31,1631.0,2758.0,870.0,514.0,465.0,187.0,110.0,231.0,6744.0
Dec18,45 to 49,2018-12-31,1494.0,2300.0,783.0,452.0,402.0,171.0,74.0,219.0,5882.0
Dec18,5 to 9,2018-12-31,1697.0,2357.0,1181.0,493.0,407.0,74.0,119.0,317.0,6640.0
Dec18,50 to 54,2018-12-31,1066.0,1522.0,525.0,287.0,256.0,162.0,68.0,171.0,4047.0
Dec18,55 to 59,2018-12-31,715.0,997.0,332.0,208.0,150.0,99.0,57.0,111.0,2661.0
Dec18,60 to 64,2018-12-31,400.0,673.0,173.0,139.0,90.0,56.0,23.0,91.0,1643.0
Dec18,65+,2018-12-31,522.0,1105.0,227.0,177.0,64.0,88.0,28.0,98.0,2306.0
Dec19,0 to 4,2019-12-31,2185.0,2668.0,1495.0,582.0,606.0,88.0,181.0,256.0,8049.0
Dec19,10 to 14,2019-12-31,1635.0,2041.0,980.0,416.0,391.0,71.0,96.0,415.0,6041.0
Dec19,15 to 19,2019-12-31,3113.0,2868.0,1335.0,618.0,819.0,313.0,208.0,364.0,9623.0
Dec19,20 to 24,2019-12-31,2780.0,3205.0,1128.0,569.0,834.0,308.0,152.0,256.0,9209.0
Dec19,25 to 29,2019-12-31,1595.0,3026.0,932.0,545.0,499.0,215.0,160.0,213.0,7156.0
Dec19,30 to 34,2019-12-31,1686.0,3284.0,903.0,667.0,593.0,225.0,173.0,242.0,7748.0
Dec19,35 to 39,2019-12-31,1753.0,3268.0,972.0,623.0,579.0,255.0,149.0,271.0,7842.0
Dec19,40 to 44,2019-12-31,1559.0,2958.0,809.0,538.0,471.0,204.0,139.0,217.0,6877.0
Dec19,45 to 49,2019-12-31,1543.0,2549.0,729.0,466.0,370.0,198.0,99.0,187.0,6125.0
Dec19,5 to 9,2019-12-31,1533.0,2520.0,1181.0,475.0,405.0,73.0,122.0,238.0,6543.0
Dec19,50 to 54,2019-12-31,1098.0,1772.0,516.0,331.0,233.0,156.0,83.0,167.0,4342.0
Dec19,55 to 59,2019-12-31,717.0,1158.0,323.0,208.0,174.0,107.0,59.0,117.0,2857.0
Dec19,60 to 64,2019-12-31,382.0,777.0,221.0,134.0,97.0,47.0,25.0,87.0,1769.0
Dec19,65+,2019-12-31,486.0,1217.0,209.0,166.0,88.0,81.0,38.0,81.0,2365.0
Dec20,0 to 4,2020-12-31,2341.0,2303.0,1439.0,605.0,558.0,100.0,184.0,306.0,7826.0
Dec20,10 to 14,2020-12-31,1756.0,1756.0,979.0,464.0,384.0,92.0,118.0,346.0,5890.0
Dec20,15 to 19,2020-12-31,3235.0,2664.0,1362.0,675.0,759.0,327.0,212.0,329.0,9555.0
Dec20,20 to 24,2020-12-31,2985.0,3232.0,1182.0,616.0,792.0,335.0,198.0,272.0,9597.0
Dec20,25 to 29,2020-12-31,1724.0,3107.0,984.0,565.0,545.0,248.0,150.0,248.0,7549.0
Dec20,30 to 34,2020-12-31,1697.0,3441.0,969.0,618.0,639.0,243.0,178.0,260.0,8014.0
Dec20,35 to 39,2020-12-31,1766.0,3499.0,1085.0,646.0,640.0,265.0,170.0,279.0,8324.0
Dec20,40 to 44,2020-12-31,1590.0,3022.0,958.0,549.0,489.0,186.0,137.0,228.0,7141.0
Dec20,45 to 49,2020-12-31,1509.0,2656.0,814.0,433.0,401.0,197.0,117.0,198.0,6312.0
Dec20,5 to 9,2020-12-31,1771.0,2153.0,1183.0,490.0,425.0,103.0,149.0,306.0,6568.0
Dec20,50 to 54,2020-12-31,1133.0,1833.0,560.0,358.0,267.0,139.0,81.0,172.0,4527.0
Dec20,55 to 59,2020-12-31,696.0,1197.0,351.0,235.0,180.0,104.0,51.0,140.0,2952.0
Dec20,60 to 64,2020-12-31,440.0,669.0,210.0,137.0,99.0,72.0,28.0,90.0,1742.0
Dec20,65+,2020-12-31,558.0,1088.0,247.0,192.0,107.0,99.0,36.0,100.0,2427.0
Dec21,0 to 4,2021-12-31,2356.0,2248.0,1392.0,641.0,554.0,111.0,147.0,264.0,7700.0
Dec21,10 to 14,2021-12-31,1762.0,1769.0,1067.0,455.0,360.0,77.0,125.0,334.0,5942.0
Dec21,15 to 19,2021-12-31,3192.0,2501.0,1355.0,573.0,765.0,292.0,217.0,331.0,9211.0
Dec21,20 to 24,2021-12-31,2850.0,3073.0,1363.0,616.0,759.0,328.0,199.0,245.0,9415.0
Dec21,25 to 29,2021-12-31,1773.0,3021.0,1057.0,526.0,597.0,270.0,164.0,215.0,7607.0
Dec21,30 to 34,2021-12-31,1702.0,3406.0,1121.0,627.0,609.0,219.0,179.0,267.0,8101.0
Dec21,35 to 39,2021-12-31,1796.0,3455.0,1175.0,686.0,597.0,246.0,178.0,294.0,8405.0
Dec21,40 to 44,2021-12-31,1622.0,3103.0,1024.0,591.0,503.0,243.0,165.0,262.0,7499.0
Dec21,45 to 49,2021-12-31,1372.0,2539.0,899.0,496.0,416.0,214.0,114.0,216.0,6253.0
Dec21,5 to 9,2021-12-31,1916.0,2171.0,1295.0,495.0,399.0,86.0,166.0,309.0,6832.0
Dec21,50 to 54,2021-12-31,1114.0,1929.0,621.0,417.0,303.0,193.0,91.0,194.0,4849.0
Dec21,55 to 59,2021-12-31,712.0,1191.0,408.0,249.0,193.0,141.0,59.0,177.0,3121.0
Dec21,60 to 64,2021-12-31,435.0,735.0,266.0,152.0,132.0,98.0,41.0,102.0,1957.0
Dec21,65+,2021-12-31,543.0,1142.0,324.0,227.0,114.0,178.0,43.0,119.0,2690.0
Dec22,0 to 4,2022-12-31,2189.0,2143.0,1591.0,606.0,675.0,118.0,150.0,252.0,7718.0
Dec22,10 to 14,2022-12-31,1668.0,1793.0,1135.0,410.0,444.0,80.0,122.0,199.0,5847.0
Dec22,15 to 19,2022-12-31,3052.0,2520.0,1443.0,537.0,776.0,290.0,229.0,250.0,9075.0
Dec22,20 to 24,2022-12-31,2642.0,2765.0,1427.0,572.0,730.0,330.0,211.0,290.0,8948.0
Dec22,25 to 29,2022-12-31,1696.0,2729.0,1068.0,547.0,631.0,266.0,148.0,272.0,7337.0
Dec22,30 to 34,2022-12-31,1648.0,3141.0,1218.0,642.0,615.0,237.0,183.0,328.0,7989.0
Dec22,35 to 39,2022-12-31,1651.0,3226.0,1224.0,716.0,584.0,231.0,196.0,347.0,8152.0
Dec22,40 to 44,2022-12-31,1660.0,3059.0,1074.0,614.0,522.0,215.0,176.0,293.0,7590.0
Dec22,45 to 49,2022-12-31,1421.0,2451.0,937.0,500.0,387.0,178.0,119.0,239.0,6223.0
Dec22,5 to 9,2022-12-31,1692.0,2210.0,1375.0,509.0,538.0,88.0,160.0,193.0,6762.0
Dec22,50 to 54,2022-12-31,1163.0,1846.0,725.0,451.0,321.0,158.0,110.0,212.0,4973.0
Dec22,55 to 59,2022-12-31,725.0,1202.0,476.0,277.0,194.0,151.0,70.0,185.0,3272.0
Dec22,60 to 64,2022-12-31,503.0,788.0,301.0,164.0,127.0,109.0,42.0,108.0,2138.0
Dec22,65+,2022-12-31,727.0,1220.0,380.0,241.0,125.0,204.0,60.0,145.0,3098.0
Feb18,0 to 4,2018-02-28,2335.0,2499.0,1465.0,511.0,586.0,103.0,182.0,315.0,7982.0
Feb18,10 to 14,2018-02-28,1623.0,1772.0,889.0,350.0,330.0,75.0,95.0,275.0,5401.0
Feb18,15 to 19,2018-02-28,3342.0,2946.0,1249.0,631.0,861.0,318.0,200.0,288.0,9808.0
Feb18,20 to 24,2018-02-28,2670.0,3355.0,1101.0,555.0,881.0,285.0,209.0,220.0,9251.0
Feb18,25 to 29,2018-02-28,1550.0,2889.0,900.0,525.0,576.0,214.0,170.0,211.0,7009.0
Feb18,30 to 34,2018-02-28,1676.0,3283.0,1009.0,621.0,681.0,216.0,132.0,233.0,7816.0
Feb18,35 to 39,2018-02-28,1851.0,3320.0,1048.0,633.0,605.0,248.0,152.0,251.0,8076.0
Feb18,40 to 44,2018-02-28,1778.0,2846.0,891.0,559.0,508.0,192.0,131.0,218.0,7100.0
Feb18,45 to 49,2018-02-28,1508.0,2575.0,731.0,457.0,404.0,194.0,85.0,196.0,6134.0
Feb18,5 to 9,2018-02-28,1702.0,2034.0,1103.0,478.0,408.0,97.0,135.0,286.0,6231.0
Feb18,50 to 54,2018-02-28,1098.0,1682.0,471.0,301.0,257.0,128.0,75.0,168.0,4167.0
Feb18,55 to 59,2018-02-28,724.0,979.0,309.0,199.0,171.0,86.0,41.0,111.0,2613.0
Feb18,60 to 64,2018-02-28,435.0,709.0,177.0,117.0,89.0,49.0,31.0,95.0,1700.0
Feb18,65+,2018-02-28,479.0,1237.0,166.0,150.0,85.0,69.0,25.0,98.0,2308.0
Feb19,0 to 4,2019-02-28,2338.0,2778.0,1544.0,617.0,642.0,101.0,199.0,280.0,8486.0
Feb19,10 to 14,2019-02-28,1777.0,2025.0,972.0,423.0,418.0,81.0,82.0,337.0,6102.0
Feb19,15 to 19,2019-02-28,3463.0,2968.0,1335.0,607.0,769.0,345.0,197.0,360.0,10032.0
Feb19,20 to 24,2019-02-28,2894.0,3355.0,1249.0,593.0,817.0,297.0,192.0,248.0,9621.0
Feb19,25 to 29,2019-02-28,1698.0,2970.0,973.0,558.0,633.0,242.0,186.0,212.0,7455.0
Feb19,30 to 34,2019-02-28,1759.0,3275.0,1034.0,693.0,640.0,231.0,156.0,255.0,8004.0
Feb19,35 to 39,2019-02-28,1910.0,3261.0,1069.0,659.0,603.0,257.0,159.0,259.0,8150.0
Feb19,40 to 44,2019-02-28,1756.0,3012.0,971.0,557.0,509.0,201.0,135.0,225.0,7342.0
Feb19,45 to 49,2019-02-28,1583.0,2437.0,816.0,492.0,427.0,210.0,80.0,198.0,6222.0
Feb19,5 to 9,2019-02-28,1679.0,2468.0,1201.0,484.0,454.0,79.0,120.0,299.0,6775.0
Feb19,50 to 54,2019-02-28,1166.0,1672.0,537.0,328.0,252.0,172.0,76.0,161.0,4348.0
Feb19,55 to 59,2019-02-28,734.0,1054.0,356.0,228.0,187.0,95.0,60.0,120.0,2822.0
Feb19,60 to 64,2019-02-28,447.0,706.0,208.0,132.0,89.0,68.0,28.0,85.0,1759.0
Feb19,65+,2019-02-28,549.0,1158.0,243.0,180.0,74.0,91.0,26.0,98.0,2414.0
Feb20,0 to 4,2020-02-29,2384.0,2529.0,1681.0,577.0,541.0,110.0,191.0,259.0,8269.0
Feb20,10 to 14,2020-02-29,1791.0,1916.0,1160.0,379.0,372.0,69.0,103.0,351.0,6138.0
Feb20,15 to 19,2020-02-29,3386.0,2841.0,1432.0,632.0,779.0,311.0,217.0,409.0,9989.0
Feb20,20 to 24,2020-02-29,2964.0,3328.0,1282.0,597.0,843.0,327.0,181.0,260.0,9763.0
Feb20,25 to 29,2020-02-29,1734.0,3162.0,995.0,536.0,526.0,234.0,166.0,238.0,7574.0
Feb20,30 to 34,2020-02-29,1803.0,3345.0,1064.0,618.0,614.0,238.0,179.0,260.0,8091.0
Feb20,35 to 39,2020-02-29,1918.0,3424.0,1126.0,651.0,633.0,271.0,157.0,269.0,8415.0
Feb20,40 to 44,2020-02-29,1608.0,3153.0,905.0,544.0,482.0,201.0,154.0,236.0,7264.0
Feb20,45 to 49,2020-02-29,1615.0,2609.0,819.0,473.0,398.0,178.0,106.0,203.0,6389.0
Feb20,5 to 9,2020-02-29,1746.0,2369.0,1351.0,421.0,386.0,70.0,128.0,239.0,6706.0
Feb20,50 to 54,2020-02-29,1156.0,1891.0,584.0,323.0,254.0,159.0,89.0,174.0,4622.0
Feb20,55 to 59,2020-02-29,712.0,1198.0,364.0,215.0,182.0,102.0,62.0,138.0,2966.0
Feb20,60 to 64,2020-02-29,425.0,754.0,246.0,136.0,97.0,54.0,32.0,86.0,1829.0
Feb20,65+,2020-02-29,528.0,1296.0,209.0,186.0,98.0,76.0,36.0,88.0,2514.0
Feb21,0 to 4,2021-02-28,2447.0,2341.0,1485.0,550.0,536.0,102.0,183.0,313.0,7945.0
Feb21,10 to 14,2021-02-28,1863.0,1841.0,1015.0,426.0,392.0,85.0,117.0,331.0,6063.0
Feb21,15 to 19,2021-02-28,3376.0,2645.0,1414.0,681.0,788.0,340.0,205.0,315.0,9746.0
Feb21,20 to 24,2021-02-28,3080.0,3180.0,1263.0,608.0,838.0,334.0,188.0,264.0,9731.0
Feb21,25 to 29,2021-02-28,1826.0,3056.0,1043.0,572.0,555.0,255.0,161.0,241.0,7678.0
Feb21,30 to 34,2021-02-28,1755.0,3416.0,1084.0,627.0,629.0,261.0,190.0,259.0,8188.0
Feb21,35 to 39,2021-02-28,1886.0,3417.0,1150.0,665.0,625.0,258.0,179.0,284.0,8436.0
Feb21,40 to 44,2021-02-28,1694.0,3053.0,963.0,595.0,508.0,225.0,160.0,228.0,7402.0
Feb21,45 to 49,2021-02-28,1562.0,2526.0,859.0,451.0,384.0,218.0,132.0,212.0,6325.0
Feb21,5 to 9,2021-02-28,1897.0,2165.0,1227.0,470.0,425.0,94.0,158.0,293.0,6717.0
Feb21,50 to 54,2021-02-28,1150.0,1813.0,603.0,395.0,288.0,140.0,80.0,202.0,4658.0
Feb21,55 to 59,2021-02-28,730.0,1160.0,386.0,247.0,177.0,111.0,65.0,147.0,3018.0
Feb21,60 to 64,2021-02-28,466.0,716.0,220.0,149.0,92.0,67.0,32.0,103.0,1841.0
Feb21,65+,2021-02-28,589.0,1069.0,276.0,188.0,122.0,110.0,40.0,120.0,2512.0
Feb22,0 to 4,2022-02-28,2476.0,2280.0,1443.0,589.0,549.0,113.0,138.0,222.0,7806.0
Feb22,10 to 14,2022-02-28,1742.0,1919.0,1081.0,357.0,381.0,88.0,121.0,249.0,5934.0
Feb22,15 to 19,2022-02-28,3256.0,2596.0,1433.0,548.0,775.0,285.0,214.0,273.0,9354.0
Feb22,20 to 24,2022-02-28,2909.0,3003.0,1401.0,619.0,736.0,353.0,198.0,253.0,9452.0
Feb22,25 to 29,2022-02-28,1786.0,2973.0,1072.0,531.0,600.0,273.0,170.0,183.0,7562.0
Feb22,30 to 34,2022-02-28,1694.0,3349.0,1098.0,596.0,613.0,247.0,190.0,262.0,8016.0
Feb22,35 to 39,2022-02-28,1846.0,3370.0,1183.0,700.0,619.0,247.0,179.0,266.0,8386.0
Feb22,40 to 44,2022-02-28,1679.0,3091.0,1042.0,602.0,508.0,249.0,153.0,244.0,7552.0
Feb22,45 to 49,2022-02-28,1354.0,2553.0,887.0,508.0,436.0,212.0,112.0,235.0,6292.0
Feb22,5 to 9,2022-02-28,1903.0,2359.0,1295.0,457.0,411.0,92.0,158.0,217.0,6890.0
Feb22,50 to 54,2022-02-28,1127.0,1933.0,689.0,406.0,293.0,196.0,96.0,188.0,4913.0
Feb22,55 to 59,2022-02-28,694.0,1202.0,417.0,251.0,195.0,142.0,63.0,171.0,3128.0
Feb22,60 to 64,2022-02-28,439.0,723.0,289.0,151.0,120.0,102.0,36.0,95.0,1954.0
Feb22,65+,2022-02-28,614.0,1124.0,320.0,215.0,112.0,190.0,48.0,104.0,2724.0
Feb23,0 to 4,2023-02-28,2338.0,2245.0,1666.0,671.0,683.0,111.0,156.0,244.0,8110.0
Feb23,10 to 14,2023-02-28,1771.0,1892.0,1284.0,404.0,457.0,72.0,109.0,201.0,6184.0
Feb23,15 to 19,2023-02-28,3156.0,2574.0,1598.0,570.0,772.0,300.0,214.0,253.0,9415.0
Feb23,20 to 24,2023-02-28,2855.0,2859.0,1611.0,612.0,789.0,313.0,200.0,270.0,9479.0
Feb23,25 to 29,2023-02-28,1840.0,2781.0,1202.0,593.0,637.0,255.0,159.0,257.0,7697.0
Feb23,30 to 34,2023-02-28,1792.0,3297.0,1300.0,698.0,687.0,230.0,191.0,306.0,8471.0
Feb23,35 to 39,2023-02-28,1736.0,3382.0,1330.0,723.0,669.0,231.0,179.0,317.0,8534.0
Feb23,40 to 44,2023-02-28,1722.0,3042.0,1208.0,622.0,582.0,219.0,162.0,300.0,7836.0
Feb23,45 to 49,2023-02-28,1491.0,2475.0,981.0,548.0,450.0,174.0,126.0,242.0,6479.0
Feb23,5 to 9,2023-02-28,1942.0,2294.0,1513.0,544.0,573.0,80.0,143.0,206.0,7284.0
Feb23,50 to 54,2023-02-28,1204.0,1908.0,793.0,485.0,345.0,157.0,112.0,230.0,5218.0
Feb23,55 to 59,2023-02-28,773.0,1266.0,523.0,306.0,203.0,139.0,73.0,175.0,3450.0
Feb23,60 to 64,2023-02-28,571.0,836.0,343.0,184.0,142.0,99.0,42.0,101.0,2313.0
Feb23,65+,2023-02-28,785.0,1222.0,429.0,268.0,153.0,210.0,63.0,125.0,3253.0
Jan18,0 to 4,2018-01-31,2258.0,2430.0,1428.0,558.0,556.0,97.0,177.0,321.0,7813.0
Jan18,10 to 14,2018-01-31,1531.0,1665.0,867.0,350.0,350.0,76.0,108.0,322.0,5259.0
Jan18,15 to 19,2018-01-31,3246.0,2884.0,1199.0,600.0,799.0,300.0,209.0,324.0,9532.0
Jan18,20 to 24,2018-01-31,2627.0,3384.0,1081.0,574.0,855.0,281.0,208.0,230.0,9199.0
Jan18,25 to 29,2018-01-31,1502.0,2950.0,879.0,523.0,578.0,209.0,157.0,217.0,6990.0
Jan18,30 to 34,2018-01-31,1636.0,3308.0,1001.0,597.0,678.0,214.0,137.0,244.0,7783.0
Jan18,35 to 39,2018-01-31,1836.0,3266.0,1078.0,626.0,585.0,269.0,157.0,255.0,8044.0
Jan18,40 to 44,2018-01-31,1703.0,2940.0,907.0,516.0,499.0,197.0,137.0,236.0,7104.0
Jan18,45 to 49,2018-01-31,1455.0,2556.0,732.0,474.0,396.0,189.0,90.0,220.0,6091.0
Jan18,5 to 9,2018-01-31,1665.0,2005.0,1099.0,474.0,409.0,98.0,128.0,328.0,6198.0
Jan18,50 to 54,2018-01-31,1103.0,1648.0,473.0,310.0,256.0,137.0,75.0,161.0,4151.0
Jan18,55 to 59,2018-01-31,691.0,992.0,308.0,187.0,170.0,83.0,42.0,129.0,2595.0
Jan18,60 to 64,2018-01-31,423.0,748.0,173.0,124.0,90.0,51.0,29.0,105.0,1737.0
Jan18,65+,2018-01-31,476.0,1232.0,161.0,161.0,70.0,77.0,26.0,104.0,2304.0
Jan19,0 to 4,2019-01-31,2301.0,2717.0,1567.0,632.0,600.0,91.0,200.0,297.0,8396.0
Jan19,10 to 14,2019-01-31,1650.0,1964.0,998.0,417.0,360.0,73.0,77.0,340.0,5873.0
Jan19,15 to 19,2019-01-31,3327.0,2919.0,1377.0,612.0,788.0,345.0,193.0,353.0,9900.0
Jan19,20 to 24,2019-01-31,2814.0,3276.0,1216.0,604.0,788.0,294.0,182.0,249.0,9398.0
Jan19,25 to 29,2019-01-31,1680.0,2950.0,1001.0,565.0,630.0,230.0,181.0,224.0,7440.0
Jan19,30 to 34,2019-01-31,1752.0,3243.0,1051.0,704.0,655.0,227.0,147.0,257.0,7992.0
Jan19,35 to 39,2019-01-31,1883.0,3229.0,1115.0,665.0,612.0,249.0,154.0,262.0,8137.0
Jan19,40 to 44,2019-01-31,1712.0,2885.0,995.0,561.0,521.0,209.0,128.0,241.0,7228.0
Jan19,45 to 49,2019-01-31,1579.0,2413.0,848.0,511.0,431.0,192.0,80.0,208.0,6234.0
Jan19,5 to 9,2019-01-31,1699.0,2394.0,1254.0,521.0,452.0,65.0,121.0,321.0,6821.0
Jan19,50 to 54,2019-01-31,1121.0,1583.0,580.0,338.0,269.0,179.0,75.0,165.0,4295.0
Jan19,55 to 59,2019-01-31,755.0,989.0,365.0,236.0,174.0,108.0,60.0,119.0,2795.0
Jan19,60 to 64,2019-01-31,423.0,704.0,203.0,133.0,89.0,64.0,29.0,94.0,1737.0
Jan19,65+,2019-01-31,548.0,1131.0,238.0,198.0,82.0,87.0,30.0,102.0,2410.0
Jan20,0 to 4,2020-01-31,2344.0,2725.0,1646.0,589.0,547.0,115.0,190.0,242.0,8386.0
Jan20,10 to 14,2020-01-31,1641.0,1995.0,1039.0,372.0,374.0,78.0,110.0,362.0,5966.0
Jan20,15 to 19,2020-01-31,3203.0,2881.0,1378.0,600.0,786.0,319.0,223.0,404.0,9777.0
Jan20,20 to 24,2020-01-31,2894.0,3267.0,1304.0,585.0,834.0,329.0,166.0,254.0,9600.0
Jan20,25 to 29,2020-01-31,1724.0,3114.0,987.0,541.0,527.0,209.0,169.0,224.0,7474.0
Jan20,30 to 34,2020-01-31,1774.0,3290.0,1004.0,630.0,611.0,225.0,174.0,256.0,7934.0
Jan20,35 to 39,2020-01-31,1859.0,3391.0,1094.0,639.0,605.0,277.0,158.0,255.0,8247.0
Jan20,40 to 44,2020-01-31,1632.0,3102.0,922.0,578.0,506.0,195.0,149.0,238.0,7300.0
Jan20,45 to 49,2020-01-31,1635.0,2656.0,787.0,514.0,392.0,197.0,108.0,195.0,6469.0
Jan20,5 to 9,2020-01-31,1619.0,2468.0,1310.0,469.0,372.0,76.0,129.0,215.0,6654.0
Jan20,50 to 54,2020-01-31,1167.0,1869.0,581.0,357.0,264.0,167.0,84.0,159.0,4638.0
Jan20,55 to 59,2020-01-31,735.0,1187.0,334.0,208.0,182.0,98.0,60.0,130.0,2929.0
Jan20,60 to 64,2020-01-31,398.0,799.0,228.0,134.0,101.0,55.0,30.0,88.0,1832.0
Jan20,65+,2020-01-31,516.0,1306.0,204.0,187.0,95.0,82.0,45.0,88.0,2523.0
Jan21,0 to 4,2021-01-31,2307.0,2299.0,1454.0,616.0,499.0,105.0,195.0,311.0,7773.0
Jan21,10 to 14,2021-01-31,1711.0,1775.0,981.0,417.0,347.0,88.0,116.0,354.0,5782.0
Jan21,15 to 19,2021-01-31,3206.0,2575.0,1379.0,651.0,731.0,338.0,202.0,362.0,9434.0
Jan21,20 to 24,2021-01-31,2987.0,3195.0,1242.0,634.0,761.0,325.0,189.0,264.0,9575.0
Jan21,25 to 29,2021-01-31,1738.0,3059.0,1022.0,571.0,508.0,249.0,151.0,240.0,7514.0
Jan21,30 to 34,2021-01-31,1700.0,3312.0,1033.0,630.0,620.0,243.0,180.0,249.0,7935.0
Jan21,35 to 39,2021-01-31,1768.0,3351.0,1070.0,700.0,620.0,254.0,169.0,305.0,8214.0
Jan21,40 to 44,2021-01-31,1621.0,2942.0,963.0,577.0,487.0,212.0,157.0,244.0,7178.0
Jan21,45 to 49,2021-01-31,1485.0,2529.0,835.0,475.0,378.0,208.0,132.0,225.0,6254.0
Jan21,5 to 9,2021-01-31,1782.0,2113.0,1184.0,500.0,386.0,101.0,156.0,319.0,6531.0
Jan21,50 to 54,2021-01-31,1110.0,1778.0,575.0,357.0,262.0,144.0,81.0,186.0,4479.0
Jan21,55 to 59,2021-01-31,698.0,1140.0,361.0,242.0,170.0,107.0,58.0,144.0,2915.0
Jan21,60 to 64,2021-01-31,416.0,676.0,221.0,165.0,84.0,66.0,25.0,105.0,1755.0
Jan21,65+,2021-01-31,548.0,1052.0,256.0,195.0,108.0,97.0,38.0,116.0,2409.0
Jan22,0 to 4,2022-01-31,2360.0,2243.0,1422.0,626.0,551.0,108.0,138.0,247.0,7688.0
Jan22,10 to 14,2022-01-31,1708.0,1765.0,1054.0,376.0,360.0,76.0,123.0,256.0,5714.0
Jan22,15 to 19,2022-01-31,3133.0,2488.0,1351.0,537.0,764.0,302.0,215.0,299.0,9071.0
Jan22,20 to 24,2022-01-31,2833.0,2980.0,1349.0,617.0,757.0,336.0,192.0,248.0,9294.0
Jan22,25 to 29,2022-01-31,1773.0,2944.0,1043.0,531.0,561.0,270.0,168.0,200.0,7475.0
Jan22,30 to 34,2022-01-31,1684.0,3315.0,1091.0,644.0,622.0,226.0,188.0,244.0,7988.0
Jan22,35 to 39,2022-01-31,1797.0,3303.0,1173.0,691.0,614.0,229.0,181.0,256.0,8217.0
Jan22,40 to 44,2022-01-31,1614.0,3070.0,1044.0,607.0,501.0,233.0,160.0,241.0,7455.0
Jan22,45 to 49,2022-01-31,1346.0,2461.0,870.0,500.0,414.0,211.0,113.0,199.0,6102.0
Jan22,5 to 9,2022-01-31,1887.0,2210.0,1282.0,514.0,394.0,91.0,157.0,238.0,6768.0
Jan22,50 to 54,2022-01-31,1102.0,1919.0,625.0,396.0,285.0,195.0,92.0,186.0,4789.0
Jan22,55 to 59,2022-01-31,689.0,1161.0,410.0,246.0,180.0,134.0,65.0,158.0,3034.0
Jan22,60 to 64,2022-01-31,430.0,691.0,295.0,142.0,121.0,101.0,39.0,99.0,1915.0
Jan22,65+,2022-01-31,567.0,1060.0,319.0,208.0,112.0,185.0,51.0,110.0,2610.0
Jan23,0 to 4,2023-01-31,2228.0,2180.0,1626.0,631.0,641.0,116.0,158.0,267.0,7837.0
Jan23,10 to 14,2023-01-31,1674.0,1847.0,1236.0,364.0,423.0,76.0,118.0,205.0,5937.0
Jan23,15 to 19,2023-01-31,2967.0,2528.0,1504.0,503.0,781.0,292.0,217.0,249.0,9019.0
Jan23,20 to 24,2023-01-31,2796.0,2809.0,1541.0,602.0,785.0,324.0,205.0,265.0,9302.0
Jan23,25 to 29,2023-01-31,1775.0,2764.0,1148.0,555.0,635.0,259.0,158.0,253.0,7518.0
Jan23,30 to 34,2023-01-31,1729.0,3185.0,1309.0,653.0,688.0,230.0,184.0,307.0,8254.0
Jan23,35 to 39,2023-01-31,1666.0,3183.0,1347.0,692.0,658.0,228.0,193.0,314.0,8251.0
Jan23,40 to 44,2023-01-31,1693.0,2995.0,1230.0,623.0,550.0,207.0,164.0,291.0,7722.0
Jan23,45 to 49,2023-01-31,1434.0,2472.0,963.0,505.0,426.0,176.0,121.0,233.0,6316.0
Jan23,5 to 9,2023-01-31,1794.0,2227.0,1478.0,500.0,505.0,83.0,155.0,225.0,6960.0
Jan23,50 to 54,2023-01-31,1182.0,1889.0,772.0,470.0,335.0,153.0,114.0,227.0,5125.0
Jan23,55 to 59,2023-01-31,735.0,1241.0,516.0,280.0,203.0,144.0,75.0,178.0,3363.0
Jan23,60 to 64,2023-01-31,512.0,796.0,338.0,163.0,126.0,102.0,45.0,104.0,2179.0
Jan23,65+,2023-01-31,737.0,1211.0,417.0,283.0,128.0,205.0,69.0,143.0,3191.0
Jul17,0 to 4,2017-07-31,2236.0,2364.0,1308.0,579.0,584.0,162.0,196.0,329.0,7750.0
Jul17,10 to 14,2017-07-31,1614.0,1582.0,759.0,350.0,358.0,100.0,97.0,267.0,5122.0
Jul17,15 to 19,2017-07-31,3234.0,2826.0,1137.0,593.0,820.0,345.0,179.0,300.0,9416.0
Jul17,20 to 24,2017-07-31,2609.0,3278.0,974.0,556.0,778.0,277.0,196.0,216.0,8861.0
Jul17,25 to 29,2017-07-31,1485.0,2788.0,814.0,495.0,591.0,187.0,144.0,230.0,6707.0
Jul17,30 to 34,2017-07-31,1639.0,3117.0,977.0,589.0,613.0,218.0,136.0,245.0,7499.0
Jul17,35 to 39,2017-07-31,1789.0,3160.0,914.0,586.0,629.0,213.0,151.0,220.0,7637.0
Jul17,40 to 44,2017-07-31,1723.0,2709.0,883.0,529.0,502.0,181.0,122.0,205.0,6830.0
Jul17,45 to 49,2017-07-31,1462.0,2294.0,719.0,440.0,405.0,159.0,105.0,173.0,5742.0
Jul17,5 to 9,2017-07-31,1632.0,1981.0,1019.0,454.0,441.0,107.0,121.0,298.0,6048.0
Jul17,50 to 54,2017-07-31,1048.0,1526.0,493.0,305.0,255.0,124.0,65.0,147.0,3949.0
Jul17,55 to 59,2017-07-31,655.0,1013.0,284.0,174.0,166.0,80.0,46.0,102.0,2511.0
Jul17,60 to 64,2017-07-31,416.0,694.0,181.0,119.0,86.0,52.0,25.0,81.0,1653.0
Jul17,65+,2017-07-31,477.0,1178.0,188.0,163.0,80.0,65.0,23.0,82.0,2255.0
Jul18,0 to 4,2018-07-31,2408.0,2587.0,1366.0,544.0,576.0,86.0,210.0,273.0,8042.0
Jul18,10 to 14,2018-07-31,1762.0,1863.0,916.0,389.0,368.0,62.0,74.0,246.0,5673.0
Jul18,15 to 19,2018-07-31,3332.0,2970.0,1310.0,627.0,776.0,303.0,196.0,282.0,9783.0
Jul18,20 to 24,2018-07-31,2704.0,3415.0,1103.0,523.0,776.0,289.0,180.0,236.0,9208.0
Jul18,25 to 29,2018-07-31,1673.0,3198.0,870.0,491.0,582.0,194.0,164.0,211.0,7355.0
Jul18,30 to 34,2018-07-31,1691.0,3292.0,953.0,593.0,678.0,198.0,134.0,225.0,7742.0
Jul18,35 to 39,2018-07-31,1867.0,3396.0,1057.0,577.0,591.0,233.0,150.0,243.0,8089.0
Jul18,40 to 44,2018-07-31,1679.0,3002.0,952.0,569.0,509.0,198.0,111.0,237.0,7239.0
Jul18,45 to 49,2018-07-31,1538.0,2573.0,790.0,455.0,403.0,191.0,85.0,228.0,6249.0
Jul18,5 to 9,2018-07-31,1851.0,2148.0,1089.0,472.0,407.0,65.0,120.0,292.0,6433.0
Jul18,50 to 54,2018-07-31,1134.0,1641.0,548.0,332.0,286.0,144.0,74.0,186.0,4336.0
Jul18,55 to 59,2018-07-31,759.0,1081.0,334.0,194.0,166.0,88.0,46.0,125.0,2785.0
Jul18,60 to 64,2018-07-31,430.0,678.0,193.0,131.0,98.0,45.0,27.0,102.0,1703.0
Jul18,65+,2018-07-31,524.0,1159.0,206.0,155.0,72.0,75.0,26.0,103.0,2317.0
Jul19,0 to 4,2019-07-31,2244.0,2621.0,1502.0,623.0,590.0,101.0,186.0,269.0,8130.0
Jul19,10 to 14,2019-07-31,1712.0,2007.0,953.0,433.0,378.0,59.0,88.0,455.0,6080.0
Jul19,15 to 19,2019-07-31,3341.0,3012.0,1328.0,662.0,811.0,336.0,208.0,433.0,10105.0
Jul19,20 to 24,2019-07-31,2885.0,3360.0,1181.0,602.0,806.0,333.0,170.0,232.0,9535.0
Jul19,25 to 29,2019-07-31,1635.0,3034.0,986.0,509.0,562.0,254.0,140.0,207.0,7309.0
Jul19,30 to 34,2019-07-31,1778.0,3315.0,995.0,643.0,675.0,242.0,149.0,244.0,8020.0
Jul19,35 to 39,2019-07-31,1925.0,3449.0,1023.0,671.0,586.0,254.0,153.0,242.0,8273.0
Jul19,40 to 44,2019-07-31,1681.0,2972.0,840.0,566.0,473.0,217.0,131.0,210.0,7066.0
Jul19,45 to 49,2019-07-31,1626.0,2525.0,790.0,483.0,376.0,200.0,86.0,171.0,6241.0
Jul19,5 to 9,2019-07-31,1613.0,2422.0,1158.0,518.0,448.0,72.0,118.0,264.0,6607.0
Jul19,50 to 54,2019-07-31,1137.0,1671.0,535.0,338.0,270.0,156.0,74.0,167.0,4335.0
Jul19,55 to 59,2019-07-31,734.0,1096.0,346.0,210.0,168.0,105.0,46.0,104.0,2804.0
Jul19,60 to 64,2019-07-31,449.0,782.0,214.0,142.0,94.0,51.0,30.0,89.0,1848.0
Jul19,65+,2019-07-31,532.0,1208.0,222.0,187.0,107.0,103.0,32.0,87.0,2478.0
Jul20,0 to 4,2020-07-31,2390.0,2440.0,1350.0,516.0,593.0,94.0,192.0,259.0,7827.0
Jul20,10 to 14,2020-07-31,1527.0,1729.0,874.0,370.0,375.0,72.0,121.0,304.0,5369.0
Jul20,15 to 19,2020-07-31,3281.0,2791.0,1361.0,608.0,802.0,324.0,211.0,340.0,9707.0
Jul20,20 to 24,2020-07-31,2991.0,3270.0,1227.0,552.0,862.0,307.0,204.0,233.0,9626.0
Jul20,25 to 29,2020-07-31,1685.0,3185.0,1060.0,524.0,567.0,217.0,179.0,229.0,7620.0
Jul20,30 to 34,2020-07-31,1642.0,3415.0,1046.0,608.0,671.0,234.0,178.0,245.0,8013.0
Jul20,35 to 39,2020-07-31,1715.0,3478.0,1183.0,626.0,661.0,226.0,169.0,244.0,8274.0
Jul20,40 to 44,2020-07-31,1541.0,3065.0,1016.0,500.0,521.0,178.0,167.0,208.0,7185.0
Jul20,45 to 49,2020-07-31,1447.0,2548.0,840.0,446.0,442.0,191.0,114.0,199.0,6204.0
Jul20,5 to 9,2020-07-31,1715.0,2228.0,1064.0,419.0,428.0,74.0,159.0,235.0,6312.0
Jul20,50 to 54,2020-07-31,1132.0,1865.0,609.0,333.0,291.0,138.0,97.0,157.0,4616.0
Jul20,55 to 59,2020-07-31,656.0,1169.0,336.0,222.0,200.0,98.0,56.0,122.0,2852.0
Jul20,60 to 64,2020-07-31,417.0,750.0,220.0,124.0,108.0,54.0,32.0,90.0,1794.0
Jul20,65+,2020-07-31,529.0,1153.0,223.0,189.0,115.0,75.0,34.0,87.0,2404.0
Jul21,0 to 4,2021-07-31,2360.0,2382.0,1517.0,543.0,514.0,113.0,158.0,257.0,7836.0
Jul21,10 to 14,2021-07-31,1897.0,1817.0,1094.0,480.0,329.0,98.0,104.0,337.0,6151.0
Jul21,15 to 19,2021-07-31,3467.0,2719.0,1453.0,615.0,627.0,294.0,232.0,347.0,9736.0
Jul21,20 to 24,2021-07-31,3086.0,3196.0,1354.0,610.0,614.0,345.0,182.0,281.0,9647.0
Jul21,25 to 29,2021-07-31,1823.0,3224.0,1039.0,567.0,482.0,265.0,155.0,270.0,7806.0
Jul21,30 to 34,2021-07-31,1756.0,3579.0,1158.0,696.0,488.0,241.0,155.0,287.0,8343.0
Jul21,35 to 39,2021-07-31,1800.0,3609.0,1175.0,738.0,486.0,260.0,175.0,337.0,8555.0
Jul21,40 to 44,2021-07-31,1720.0,3379.0,1054.0,632.0,404.0,243.0,164.0,269.0,7849.0
Jul21,45 to 49,2021-07-31,1449.0,2740.0,846.0,499.0,345.0,213.0,124.0,231.0,6434.0
Jul21,5 to 9,2021-07-31,1978.0,2223.0,1319.0,443.0,386.0,102.0,165.0,279.0,6892.0
Jul21,50 to 54,2021-07-31,1149.0,2024.0,656.0,381.0,241.0,175.0,81.0,188.0,4891.0
Jul21,55 to 59,2021-07-31,774.0,1280.0,424.0,265.0,145.0,100.0,58.0,169.0,3212.0
Jul21,60 to 64,2021-07-31,456.0,781.0,280.0,158.0,80.0,77.0,26.0,99.0,1956.0
Jul21,65+,2021-07-31,630.0,1212.0,318.0,223.0,84.0,145.0,39.0,142.0,2793.0
Jul22,0 to 4,2022-07-31,2300.0,2207.0,1424.0,595.0,604.0,102.0,145.0,249.0,7614.0
Jul22,10 to 14,2022-07-31,1732.0,1833.0,1052.0,398.0,425.0,79.0,128.0,173.0,5810.0
Jul22,15 to 19,2022-07-31,3127.0,2550.0,1436.0,585.0,806.0,284.0,211.0,260.0,9241.0
Jul22,20 to 24,2022-07-31,2799.0,2912.0,1394.0,557.0,797.0,343.0,191.0,300.0,9261.0
Jul22,25 to 29,2022-07-31,1675.0,2832.0,1000.0,535.0,630.0,244.0,163.0,228.0,7288.0
Jul22,30 to 34,2022-07-31,1691.0,3337.0,1118.0,626.0,639.0,231.0,199.0,294.0,8100.0
Jul22,35 to 39,2022-07-31,1747.0,3344.0,1139.0,655.0,664.0,244.0,186.0,287.0,8242.0
Jul22,40 to 44,2022-07-31,1631.0,3011.0,1051.0,600.0,518.0,239.0,186.0,308.0,7519.0
Jul22,45 to 49,2022-07-31,1412.0,2447.0,913.0,497.0,446.0,183.0,133.0,224.0,6241.0
Jul22,5 to 9,2022-07-31,1763.0,2151.0,1256.0,511.0,491.0,91.0,148.0,204.0,6608.0
Jul22,50 to 54,2022-07-31,1140.0,1939.0,718.0,410.0,322.0,183.0,118.0,182.0,4991.0
Jul22,55 to 59,2022-07-31,713.0,1227.0,459.0,252.0,218.0,158.0,75.0,169.0,3260.0
Jul22,60 to 64,2022-07-31,519.0,788.0,281.0,159.0,141.0,120.0,34.0,98.0,2138.0
Jul22,65+,2022-07-31,659.0,1174.0,375.0,256.0,143.0,210.0,63.0,131.0,3008.0
Jun18,0 to 4,2018-06-30,2457.0,2568.0,1433.0,509.0,587.0,87.0,212.0,293.0,8137.0
Jun18,10 to 14,2018-06-30,1777.0,1856.0,940.0,370.0,362.0,71.0,79.0,270.0,5719.0
Jun18,15 to 19,2018-06-30,3397.0,2996.0,1269.0,632.0,799.0,303.0,204.0,296.0,9877.0
Jun18,20 to 24,2018-06-30,2747.0,3353.0,1106.0,518.0,799.0,294.0,181.0,223.0,9198.0
Jun18,25 to 29,2018-06-30,1636.0,3074.0,892.0,502.0,576.0,189.0,155.0,212.0,7205.0
Jun18,30 to 34,2018-06-30,1697.0,3300.0,1007.0,603.0,669.0,199.0,130.0,225.0,7802.0
Jun18,35 to 39,2018-06-30,1860.0,3422.0,1069.0,571.0,612.0,235.0,142.0,254.0,8136.0
Jun18,40 to 44,2018-06-30,1698.0,3005.0,973.0,544.0,513.0,187.0,115.0,252.0,7262.0
Jun18,45 to 49,2018-06-30,1557.0,2582.0,793.0,420.0,401.0,187.0,78.0,227.0,6232.0
Jun18,5 to 9,2018-06-30,1802.0,2114.0,1097.0,458.0,394.0,74.0,121.0,312.0,6360.0
Jun18,50 to 54,2018-06-30,1129.0,1628.0,555.0,298.0,274.0,141.0,72.0,173.0,4265.0
Jun18,55 to 59,2018-06-30,737.0,1029.0,348.0,181.0,176.0,89.0,46.0,125.0,2725.0
Jun18,60 to 64,2018-06-30,444.0,726.0,198.0,124.0,100.0,42.0,28.0,98.0,1758.0
Jun18,65+,2018-06-30,474.0,1152.0,201.0,172.0,72.0,75.0,27.0,103.0,2272.0
Jun19,0 to 4,2019-06-30,2237.0,2700.0,1528.0,615.0,613.0,100.0,185.0,276.0,8250.0
Jun19,10 to 14,2019-06-30,1839.0,2003.0,1001.0,463.0,386.0,60.0,91.0,424.0,6258.0
Jun19,15 to 19,2019-06-30,3417.0,2953.0,1293.0,644.0,765.0,332.0,196.0,416.0,10008.0
Jun19,20 to 24,2019-06-30,2851.0,3238.0,1180.0,567.0,792.0,313.0,161.0,235.0,9312.0
Jun19,25 to 29,2019-06-30,1608.0,2939.0,987.0,521.0,511.0,238.0,136.0,186.0,7108.0
Jun19,30 to 34,2019-06-30,1762.0,3247.0,1011.0,644.0,663.0,238.0,152.0,240.0,7935.0
Jun19,35 to 39,2019-06-30,1861.0,3367.0,1039.0,651.0,574.0,260.0,139.0,244.0,8109.0
Jun19,40 to 44,2019-06-30,1692.0,2874.0,911.0,566.0,444.0,211.0,134.0,210.0,7008.0
Jun19,45 to 49,2019-06-30,1588.0,2466.0,769.0,507.0,384.0,191.0,73.0,175.0,6139.0
Jun19,5 to 9,2019-06-30,1670.0,2503.0,1225.0,534.0,430.0,59.0,112.0,270.0,6795.0
Jun19,50 to 54,2019-06-30,1125.0,1588.0,539.0,317.0,256.0,153.0,73.0,163.0,4206.0
Jun19,55 to 59,2019-06-30,730.0,1043.0,330.0,188.0,149.0,106.0,47.0,117.0,2707.0
Jun19,60 to 64,2019-06-30,450.0,688.0,201.0,131.0,93.0,52.0,33.0,92.0,1734.0
Jun19,65+,2019-06-30,531.0,1152.0,210.0,162.0,95.0,98.0,31.0,95.0,2373.0
Jun20,0 to 4,2020-06-30,2417.0,2488.0,1364.0,498.0,587.0,101.0,204.0,299.0,7953.0
Jun20,10 to 14,2020-06-30,1628.0,1811.0,869.0,400.0,415.0,70.0,119.0,299.0,5605.0
Jun20,15 to 19,2020-06-30,3379.0,2750.0,1340.0,617.0,785.0,333.0,215.0,348.0,9754.0
Jun20,20 to 24,2020-06-30,2959.0,3283.0,1242.0,558.0,831.0,306.0,195.0,243.0,9597.0
Jun20,25 to 29,2020-06-30,1690.0,3171.0,1054.0,494.0,581.0,212.0,187.0,235.0,7611.0
Jun20,30 to 34,2020-06-30,1654.0,3462.0,1075.0,599.0,664.0,237.0,184.0,247.0,8098.0
Jun20,35 to 39,2020-06-30,1743.0,3454.0,1223.0,624.0,658.0,241.0,179.0,247.0,8344.0
Jun20,40 to 44,2020-06-30,1568.0,3054.0,1050.0,521.0,540.0,165.0,174.0,233.0,7291.0
Jun20,45 to 49,2020-06-30,1510.0,2560.0,849.0,461.0,446.0,190.0,117.0,210.0,6326.0
Jun20,5 to 9,2020-06-30,1734.0,2283.0,1105.0,402.0,438.0,78.0,171.0,272.0,6473.0
Jun20,50 to 54,2020-06-30,1142.0,1869.0,620.0,336.0,306.0,143.0,91.0,153.0,4656.0
Jun20,55 to 59,2020-06-30,669.0,1160.0,351.0,217.0,179.0,100.0,54.0,124.0,2849.0
Jun20,60 to 64,2020-06-30,425.0,736.0,211.0,151.0,102.0,47.0,35.0,94.0,1800.0
Jun20,65+,2020-06-30,545.0,1192.0,236.0,187.0,103.0,82.0,34.0,87.0,2466.0
Jun21,0 to 4,2021-06-30,2405.0,2389.0,1556.0,602.0,553.0,101.0,161.0,261.0,8022.0
Jun21,10 to 14,2021-06-30,2004.0,1857.0,1084.0,497.0,409.0,86.0,102.0,373.0,6409.0
Jun21,15 to 19,2021-06-30,3591.0,2810.0,1493.0,676.0,775.0,317.0,228.0,356.0,10232.0
Jun21,20 to 24,2021-06-30,3067.0,3161.0,1417.0,600.0,773.0,349.0,185.0,274.0,9807.0
Jun21,25 to 29,2021-06-30,1820.0,3258.0,1091.0,581.0,569.0,278.0,163.0,255.0,7996.0
Jun21,30 to 34,2021-06-30,1768.0,3517.0,1225.0,708.0,626.0,241.0,147.0,248.0,8458.0
Jun21,35 to 39,2021-06-30,1843.0,3635.0,1165.0,755.0,611.0,263.0,173.0,319.0,8746.0
Jun21,40 to 44,2021-06-30,1703.0,3275.0,1080.0,622.0,505.0,228.0,159.0,270.0,7819.0
Jun21,45 to 49,2021-06-30,1497.0,2705.0,879.0,460.0,432.0,217.0,126.0,217.0,6520.0
Jun21,5 to 9,2021-06-30,1990.0,2240.0,1337.0,463.0,433.0,106.0,168.0,276.0,7010.0
Jun21,50 to 54,2021-06-30,1161.0,1999.0,668.0,376.0,286.0,166.0,85.0,201.0,4934.0
Jun21,55 to 59,2021-06-30,773.0,1271.0,411.0,262.0,164.0,102.0,60.0,172.0,3211.0
Jun21,60 to 64,2021-06-30,467.0,778.0,255.0,180.0,108.0,76.0,29.0,100.0,1993.0
Jun21,65+,2021-06-30,627.0,1203.0,300.0,223.0,116.0,135.0,38.0,148.0,2789.0
Jun22,0 to 4,2022-06-30,2375.0,2227.0,1490.0,597.0,591.0,101.0,147.0,269.0,7787.0
Jun22,10 to 14,2022-06-30,1805.0,1904.0,1068.0,380.0,442.0,75.0,127.0,209.0,5999.0
Jun22,15 to 19,2022-06-30,3339.0,2583.0,1433.0,591.0,783.0,293.0,210.0,271.0,9485.0
Jun22,20 to 24,2022-06-30,2912.0,2964.0,1419.0,596.0,764.0,330.0,194.0,297.0,9452.0
Jun22,25 to 29,2022-06-30,1759.0,2956.0,1049.0,556.0,633.0,266.0,165.0,259.0,7620.0
Jun22,30 to 34,2022-06-30,1696.0,3396.0,1168.0,622.0,652.0,243.0,188.0,317.0,8257.0
Jun22,35 to 39,2022-06-30,1810.0,3463.0,1194.0,696.0,664.0,245.0,179.0,303.0,8518.0
Jun22,40 to 44,2022-06-30,1643.0,3106.0,1066.0,587.0,550.0,242.0,173.0,302.0,7644.0
Jun22,45 to 49,2022-06-30,1383.0,2553.0,932.0,528.0,467.0,196.0,131.0,264.0,6434.0
Jun22,5 to 9,2022-06-30,1884.0,2269.0,1292.0,484.0,489.0,96.0,147.0,233.0,6889.0
Jun22,50 to 54,2022-06-30,1159.0,1957.0,736.0,412.0,335.0,183.0,111.0,214.0,5097.0
Jun22,55 to 59,2022-06-30,737.0,1226.0,459.0,248.0,211.0,155.0,72.0,163.0,3256.0
Jun22,60 to 64,2022-06-30,516.0,761.0,289.0,156.0,132.0,122.0,33.0,111.0,2117.0
Jun22,65+,2022-06-30,685.0,1168.0,348.0,280.0,148.0,221.0,47.0,123.0,3016.0
Jun23,0 to 4,2023-06-30,2187.0,2279.0,1732.0,620.0,705.0,106.0,137.0,253.0,8013.0
Jun23,10 to 14,2023-06-30,1720.0,1939.0,1249.0,476.0,474.0,66.0,101.0,189.0,6207.0
Jun23,15 to 19,2023-06-30,3213.0,2668.0,1537.0,561.0,790.0,318.0,200.0,222.0,9491.0
Jun23,20 to 24,2023-06-30,2916.0,2876.0,1577.0,616.0,757.0,292.0,205.0,269.0,9483.0
Jun23,25 to 29,2023-06-30,1721.0,2784.0,1252.0,601.0,635.0,257.0,152.0,264.0,7640.0
Jun23,30 to 34,2023-06-30,1729.0,3283.0,1394.0,698.0,670.0,194.0,203.0,287.0,8437.0
Jun23,35 to 39,2023-06-30,1780.0,3358.0,1333.0,770.0,672.0,226.0,190.0,307.0,8614.0
Jun23,40 to 44,2023-06-30,1737.0,3191.0,1257.0,701.0,575.0,235.0,159.0,306.0,8145.0
Jun23,45 to 49,2023-06-30,1410.0,2426.0,1062.0,592.0,466.0,166.0,126.0,243.0,6471.0
Jun23,5 to 9,2023-06-30,1872.0,2337.0,1506.0,588.0,589.0,74.0,144.0,214.0,7319.0
Jun23,50 to 54,2023-06-30,1214.0,1967.0,892.0,548.0,355.0,171.0,110.0,216.0,5453.0
Jun23,55 to 59,2023-06-30,769.0,1331.0,571.0,342.0,211.0,133.0,85.0,163.0,3598.0
Jun23,60 to 64,2023-06-30,581.0,882.0,340.0,184.0,127.0,102.0,58.0,109.0,2378.0
Jun23,65+,2023-06-30,777.0,1303.0,519.0,268.0,149.0,227.0,56.0,120.0,3415.0
Mar18,0 to 4,2018-03-31,2340.0,2539.0,1465.0,538.0,596.0,98.0,204.0,305.0,8072.0
Mar18,10 to 14,2018-03-31,1657.0,1787.0,905.0,356.0,333.0,71.0,93.0,278.0,5468.0
Mar18,15 to 19,2018-03-31,3485.0,3020.0,1277.0,626.0,901.0,315.0,197.0,293.0,10086.0
Mar18,20 to 24,2018-03-31,2738.0,3390.0,1135.0,520.0,840.0,273.0,199.0,209.0,9285.0
Mar18,25 to 29,2018-03-31,1621.0,3056.0,934.0,533.0,593.0,194.0,163.0,222.0,7293.0
Mar18,30 to 34,2018-03-31,1706.0,3342.0,1065.0,630.0,664.0,220.0,135.0,235.0,7964.0
Mar18,35 to 39,2018-03-31,1920.0,3461.0,1069.0,624.0,627.0,231.0,154.0,259.0,8323.0
Mar18,40 to 44,2018-03-31,1750.0,2903.0,928.0,562.0,531.0,210.0,128.0,233.0,7214.0
Mar18,45 to 49,2018-03-31,1512.0,2540.0,757.0,471.0,461.0,195.0,80.0,190.0,6192.0
Mar18,5 to 9,2018-03-31,1754.0,2120.0,1097.0,491.0,418.0,92.0,131.0,300.0,6393.0
Mar18,50 to 54,2018-03-31,1151.0,1720.0,515.0,325.0,250.0,128.0,73.0,174.0,4322.0
Mar18,55 to 59,2018-03-31,725.0,1007.0,344.0,203.0,187.0,84.0,41.0,105.0,2690.0
Mar18,60 to 64,2018-03-31,432.0,763.0,178.0,127.0,92.0,48.0,29.0,107.0,1773.0
Mar18,65+,2018-03-31,506.0,1318.0,186.0,158.0,102.0,60.0,27.0,93.0,2447.0
Mar19,0 to 4,2019-03-31,2319.0,2849.0,1519.0,638.0,685.0,89.0,202.0,289.0,8571.0
Mar19,10 to 14,2019-03-31,1824.0,2018.0,1029.0,431.0,404.0,73.0,85.0,318.0,6174.0
Mar19,15 to 19,2019-03-31,3518.0,2953.0,1364.0,630.0,803.0,361.0,188.0,330.0,10137.0
Mar19,20 to 24,2019-03-31,2940.0,3374.0,1237.0,615.0,848.0,322.0,174.0,261.0,9746.0
Mar19,25 to 29,2019-03-31,1691.0,3025.0,1037.0,611.0,623.0,240.0,167.0,234.0,7591.0
Mar19,30 to 34,2019-03-31,1787.0,3358.0,1086.0,660.0,652.0,228.0,157.0,278.0,8167.0
Mar19,35 to 39,2019-03-31,1948.0,3314.0,1077.0,709.0,620.0,277.0,148.0,295.0,8349.0
Mar19,40 to 44,2019-03-31,1791.0,2979.0,960.0,610.0,511.0,219.0,131.0,251.0,7434.0
Mar19,45 to 49,2019-03-31,1644.0,2518.0,823.0,504.0,436.0,220.0,83.0,220.0,6425.0
Mar19,5 to 9,2019-03-31,1689.0,2562.0,1271.0,519.0,475.0,78.0,121.0,321.0,7030.0
Mar19,50 to 54,2019-03-31,1183.0,1685.0,554.0,339.0,283.0,154.0,71.0,186.0,4440.0
Mar19,55 to 59,2019-03-31,796.0,1066.0,343.0,252.0,163.0,100.0,55.0,125.0,2887.0
Mar19,60 to 64,2019-03-31,458.0,690.0,223.0,158.0,91.0,55.0,30.0,85.0,1788.0
Mar19,65+,2019-03-31,567.0,1124.0,243.0,185.0,82.0,100.0,29.0,105.0,2432.0
Mar20,0 to 4,2020-03-31,2427.0,2641.0,1545.0,529.0,583.0,104.0,203.0,253.0,8274.0
Mar20,10 to 14,2020-03-31,1843.0,1921.0,1136.0,386.0,396.0,75.0,117.0,372.0,6238.0
Mar20,15 to 19,2020-03-31,3431.0,2852.0,1394.0,645.0,784.0,313.0,223.0,404.0,10025.0
Mar20,20 to 24,2020-03-31,3012.0,3342.0,1226.0,566.0,841.0,319.0,173.0,270.0,9728.0
Mar20,25 to 29,2020-03-31,1816.0,3149.0,963.0,499.0,517.0,244.0,185.0,238.0,7594.0
Mar20,30 to 34,2020-03-31,1768.0,3415.0,1039.0,625.0,652.0,246.0,177.0,274.0,8170.0
Mar20,35 to 39,2020-03-31,1874.0,3497.0,1113.0,647.0,654.0,272.0,165.0,275.0,8469.0
Mar20,40 to 44,2020-03-31,1621.0,3154.0,874.0,544.0,541.0,197.0,166.0,227.0,7304.0
Mar20,45 to 49,2020-03-31,1622.0,2640.0,800.0,475.0,441.0,183.0,110.0,207.0,6463.0
Mar20,5 to 9,2020-03-31,1805.0,2391.0,1272.0,406.0,421.0,80.0,152.0,251.0,6771.0
Mar20,50 to 54,2020-03-31,1177.0,1827.0,568.0,337.0,260.0,171.0,88.0,167.0,4591.0
Mar20,55 to 59,2020-03-31,679.0,1215.0,345.0,221.0,181.0,96.0,68.0,133.0,2934.0
Mar20,60 to 64,2020-03-31,418.0,739.0,251.0,133.0,95.0,51.0,35.0,94.0,1816.0
Mar20,65+,2020-03-31,544.0,1284.0,218.0,201.0,115.0,84.0,31.0,81.0,2554.0
Mar21,0 to 4,2021-03-31,2531.0,2332.0,1550.0,618.0,594.0,103.0,175.0,286.0,8180.0
Mar21,10 to 14,2021-03-31,1942.0,1851.0,1061.0,487.0,450.0,79.0,117.0,333.0,6312.0
Mar21,15 to 19,2021-03-31,3521.0,2675.0,1484.0,721.0,821.0,330.0,217.0,334.0,10086.0
Mar21,20 to 24,2021-03-31,3155.0,3178.0,1330.0,650.0,840.0,337.0,189.0,277.0,9933.0
Mar21,25 to 29,2021-03-31,1859.0,3191.0,1079.0,656.0,556.0,280.0,156.0,253.0,7999.0
Mar21,30 to 34,2021-03-31,1807.0,3486.0,1155.0,705.0,680.0,271.0,197.0,281.0,8549.0
Mar21,35 to 39,2021-03-31,1909.0,3480.0,1197.0,744.0,653.0,264.0,190.0,340.0,8745.0
Mar21,40 to 44,2021-03-31,1720.0,3109.0,1014.0,645.0,528.0,232.0,156.0,253.0,7635.0
Mar21,45 to 49,2021-03-31,1585.0,2570.0,874.0,480.0,411.0,212.0,133.0,238.0,6484.0
Mar21,5 to 9,2021-03-31,1989.0,2206.0,1283.0,466.0,486.0,101.0,158.0,296.0,6974.0
Mar21,50 to 54,2021-03-31,1175.0,1871.0,623.0,406.0,305.0,155.0,75.0,227.0,4828.0
Mar21,55 to 59,2021-03-31,790.0,1152.0,396.0,266.0,177.0,111.0,61.0,170.0,3116.0
Mar21,60 to 64,2021-03-31,476.0,707.0,229.0,176.0,104.0,62.0,30.0,105.0,1888.0
Mar21,65+,2021-03-31,634.0,1096.0,280.0,202.0,131.0,121.0,38.0,133.0,2633.0
Mar22,0 to 4,2022-03-31,2577.0,2297.0,1510.0,575.0,609.0,104.0,153.0,264.0,8085.0
Mar22,10 to 14,2022-03-31,1841.0,1976.0,1100.0,365.0,455.0,77.0,124.0,271.0,6205.0
Mar22,15 to 19,2022-03-31,3351.0,2670.0,1471.0,566.0,803.0,293.0,206.0,321.0,9667.0
Mar22,20 to 24,2022-03-31,3020.0,2993.0,1425.0,612.0,786.0,375.0,201.0,283.0,9668.0
Mar22,25 to 29,2022-03-31,1783.0,2986.0,1114.0,575.0,617.0,285.0,169.0,222.0,7730.0
Mar22,30 to 34,2022-03-31,1700.0,3405.0,1129.0,647.0,615.0,264.0,197.0,302.0,8230.0
Mar22,35 to 39,2022-03-31,1835.0,3371.0,1265.0,711.0,622.0,266.0,181.0,293.0,8519.0
Mar22,40 to 44,2022-03-31,1700.0,3212.0,1109.0,652.0,540.0,271.0,168.0,268.0,7896.0
Mar22,45 to 49,2022-03-31,1403.0,2643.0,954.0,522.0,421.0,216.0,114.0,240.0,6498.0
Mar22,5 to 9,2022-03-31,2014.0,2433.0,1357.0,444.0,510.0,90.0,158.0,251.0,7248.0
Mar22,50 to 54,2022-03-31,1171.0,1987.0,719.0,444.0,281.0,195.0,101.0,202.0,5091.0
Mar22,55 to 59,2022-03-31,698.0,1243.0,443.0,257.0,186.0,163.0,65.0,174.0,3219.0
Mar22,60 to 64,2022-03-31,475.0,736.0,313.0,177.0,120.0,103.0,35.0,107.0,2066.0
Mar22,65+,2022-03-31,660.0,1164.0,344.0,360.0,125.0,208.0,45.0,115.0,3017.0
Mar23,0 to 4,2023-03-31,2335.0,2235.0,1676.0,679.0,701.0,117.0,155.0,243.0,8135.0
Mar23,10 to 14,2023-03-31,1824.0,1901.0,1281.0,440.0,445.0,67.0,111.0,176.0,6231.0
Mar23,15 to 19,2023-03-31,3345.0,2617.0,1621.0,586.0,791.0,318.0,210.0,268.0,9737.0
Mar23,20 to 24,2023-03-31,2973.0,2933.0,1662.0,618.0,796.0,335.0,212.0,280.0,9781.0
Mar23,25 to 29,2023-03-31,1876.0,2858.0,1254.0,636.0,651.0,268.0,154.0,247.0,7921.0
Mar23,30 to 34,2023-03-31,1830.0,3348.0,1360.0,749.0,702.0,226.0,187.0,283.0,8659.0
Mar23,35 to 39,2023-03-31,1845.0,3472.0,1397.0,743.0,693.0,229.0,184.0,325.0,8858.0
Mar23,40 to 44,2023-03-31,1785.0,3090.0,1267.0,691.0,562.0,218.0,159.0,297.0,8044.0
Mar23,45 to 49,2023-03-31,1516.0,2528.0,1008.0,579.0,446.0,189.0,133.0,246.0,6632.0
Mar23,5 to 9,2023-03-31,1941.0,2328.0,1519.0,565.0,544.0,84.0,153.0,204.0,7332.0
Mar23,50 to 54,2023-03-31,1276.0,2036.0,809.0,490.0,334.0,166.0,117.0,229.0,5441.0
Mar23,55 to 59,2023-03-31,816.0,1305.0,562.0,313.0,193.0,139.0,75.0,176.0,3574.0
Mar23,60 to 64,2023-03-31,584.0,845.0,347.0,172.0,134.0,102.0,44.0,105.0,2330.0
Mar23,65+,2023-03-31,829.0,1257.0,480.0,282.0,154.0,230.0,58.0,128.0,3415.0
May18,0 to 4,2018-05-31,2428.0,2784.0,1467.0,507.0,585.0,83.0,214.0,299.0,8353.0
May18,10 to 14,2018-05-31,1757.0,1902.0,994.0,351.0,364.0,77.0,89.0,265.0,5793.0
May18,15 to 19,2018-05-31,3464.0,3101.0,1271.0,609.0,858.0,319.0,222.0,298.0,10124.0
May18,20 to 24,2018-05-31,2786.0,3522.0,1133.0,512.0,840.0,295.0,181.0,202.0,9448.0
May18,25 to 29,2018-05-31,1691.0,3191.0,929.0,510.0,613.0,190.0,160.0,210.0,7467.0
May18,30 to 34,2018-05-31,1738.0,3463.0,1024.0,600.0,665.0,210.0,126.0,239.0,8038.0
May18,35 to 39,2018-05-31,1920.0,3575.0,1081.0,586.0,628.0,250.0,163.0,260.0,8426.0
May18,40 to 44,2018-05-31,1735.0,3112.0,972.0,564.0,551.0,202.0,122.0,246.0,7484.0
May18,45 to 49,2018-05-31,1571.0,2723.0,849.0,456.0,431.0,181.0,85.0,207.0,6486.0
May18,5 to 9,2018-05-31,1781.0,2214.0,1133.0,468.0,419.0,71.0,124.0,302.0,6498.0
May18,50 to 54,2018-05-31,1160.0,1700.0,549.0,284.0,277.0,133.0,73.0,187.0,4349.0
May18,55 to 59,2018-05-31,762.0,1086.0,347.0,197.0,184.0,84.0,41.0,125.0,2821.0
May18,60 to 64,2018-05-31,455.0,754.0,190.0,133.0,106.0,50.0,31.0,106.0,1820.0
May18,65+,2018-05-31,497.0,1211.0,223.0,150.0,95.0,77.0,28.0,100.0,2376.0
May19,0 to 4,2019-05-31,2283.0,2799.0,1530.0,651.0,677.0,105.0,200.0,313.0,8546.0
May19,10 to 14,2019-05-31,1778.0,2047.0,1064.0,439.0,406.0,58.0,85.0,398.0,6269.0
May19,15 to 19,2019-05-31,3611.0,3047.0,1301.0,659.0,814.0,364.0,201.0,358.0,10340.0
May19,20 to 24,2019-05-31,2939.0,3389.0,1240.0,601.0,855.0,336.0,159.0,238.0,9731.0
May19,25 to 29,2019-05-31,1694.0,3118.0,1025.0,557.0,557.0,251.0,161.0,205.0,7553.0
May19,30 to 34,2019-05-31,1858.0,3400.0,1082.0,695.0,665.0,243.0,162.0,253.0,8326.0
May19,35 to 39,2019-05-31,1907.0,3522.0,1073.0,702.0,641.0,269.0,143.0,256.0,8485.0
May19,40 to 44,2019-05-31,1745.0,3009.0,978.0,560.0,498.0,215.0,139.0,229.0,7344.0
May19,45 to 49,2019-05-31,1622.0,2602.0,798.0,531.0,440.0,202.0,84.0,188.0,6449.0
May19,5 to 9,2019-05-31,1626.0,2597.0,1265.0,528.0,463.0,67.0,119.0,296.0,6951.0
May19,50 to 54,2019-05-31,1201.0,1722.0,569.0,357.0,270.0,166.0,72.0,182.0,4529.0
May19,55 to 59,2019-05-31,746.0,1104.0,353.0,217.0,165.0,103.0,52.0,119.0,2851.0
May19,60 to 64,2019-05-31,445.0,757.0,204.0,160.0,98.0,52.0,32.0,92.0,1837.0
May19,65+,2019-05-31,561.0,1197.0,197.0,194.0,89.0,98.0,34.0,96.0,2462.0
May20,0 to 4,2020-05-31,2346.0,2504.0,1345.0,493.0,562.0,103.0,214.0,325.0,7891.0
May20,10 to 14,2020-05-31,1596.0,1805.0,913.0,371.0,353.0,72.0,117.0,339.0,5560.0
May20,15 to 19,2020-05-31,3257.0,2737.0,1330.0,592.0,798.0,310.0,216.0,401.0,9627.0
May20,20 to 24,2020-05-31,2909.0,3189.0,1166.0,555.0,845.0,303.0,182.0,237.0,9367.0
May20,25 to 29,2020-05-31,1685.0,3077.0,1019.0,474.0,549.0,228.0,191.0,203.0,7408.0
May20,30 to 34,2020-05-31,1641.0,3511.0,1030.0,580.0,625.0,229.0,174.0,231.0,8005.0
May20,35 to 39,2020-05-31,1765.0,3443.0,1179.0,598.0,658.0,238.0,184.0,235.0,8269.0
May20,40 to 44,2020-05-31,1568.0,3052.0,974.0,486.0,533.0,177.0,173.0,220.0,7164.0
May20,45 to 49,2020-05-31,1490.0,2543.0,812.0,452.0,452.0,184.0,102.0,190.0,6202.0
May20,5 to 9,2020-05-31,1646.0,2277.0,1084.0,398.0,388.0,71.0,164.0,344.0,6365.0
May20,50 to 54,2020-05-31,1130.0,1812.0,569.0,308.0,307.0,159.0,96.0,157.0,4532.0
May20,55 to 59,2020-05-31,673.0,1112.0,366.0,178.0,182.0,98.0,59.0,120.0,2779.0
May20,60 to 64,2020-05-31,397.0,742.0,215.0,122.0,92.0,49.0,36.0,94.0,1747.0
May20,65+,2020-05-31,512.0,1203.0,226.0,154.0,103.0,76.0,35.0,82.0,2389.0
May21,0 to 4,2021-05-31,2482.0,2398.0,1542.0,607.0,574.0,111.0,171.0,274.0,8155.0
May21,10 to 14,2021-05-31,2030.0,1915.0,1090.0,470.0,420.0,70.0,110.0,346.0,6443.0
May21,15 to 19,2021-05-31,3639.0,2762.0,1475.0,706.0,783.0,327.0,225.0,333.0,10235.0
May21,20 to 24,2021-05-31,3115.0,3185.0,1371.0,587.0,796.0,336.0,178.0,260.0,9801.0
May21,25 to 29,2021-05-31,1846.0,3195.0,1065.0,612.0,581.0,266.0,157.0,245.0,7951.0
May21,30 to 34,2021-05-31,1778.0,3504.0,1179.0,669.0,642.0,245.0,159.0,244.0,8393.0
May21,35 to 39,2021-05-31,1844.0,3533.0,1158.0,750.0,644.0,251.0,173.0,312.0,8641.0
May21,40 to 44,2021-05-31,1741.0,3165.0,1032.0,637.0,517.0,229.0,154.0,265.0,7712.0
May21,45 to 49,2021-05-31,1537.0,2684.0,854.0,454.0,426.0,222.0,113.0,218.0,6491.0
May21,5 to 9,2021-05-31,2028.0,2267.0,1296.0,453.0,454.0,94.0,171.0,276.0,7031.0
May21,50 to 54,2021-05-31,1154.0,1967.0,636.0,418.0,279.0,156.0,79.0,223.0,4905.0
May21,55 to 59,2021-05-31,774.0,1243.0,407.0,228.0,169.0,106.0,62.0,160.0,3143.0
May21,60 to 64,2021-05-31,487.0,784.0,238.0,176.0,112.0,77.0,26.0,99.0,1997.0
May21,65+,2021-05-31,652.0,1185.0,296.0,220.0,135.0,134.0,35.0,138.0,2793.0
May22,0 to 4,2022-05-31,2479.0,2246.0,1479.0,584.0,598.0,123.0,146.0,235.0,7883.0
May22,10 to 14,2022-05-31,1796.0,1942.0,1050.0,352.0,437.0,82.0,127.0,310.0,6089.0
May22,15 to 19,2022-05-31,3389.0,2625.0,1408.0,567.0,790.0,293.0,205.0,336.0,9588.0
May22,20 to 24,2022-05-31,2860.0,2975.0,1436.0,605.0,751.0,346.0,190.0,299.0,9439.0
May22,25 to 29,2022-05-31,1713.0,2991.0,1061.0,593.0,560.0,276.0,159.0,257.0,7589.0
May22,30 to 34,2022-05-31,1719.0,3349.0,1123.0,634.0,616.0,252.0,186.0,293.0,8142.0
May22,35 to 39,2022-05-31,1814.0,3459.0,1184.0,701.0,641.0,252.0,183.0,321.0,8522.0
May22,40 to 44,2022-05-31,1632.0,3052.0,1041.0,599.0,520.0,259.0,177.0,287.0,7539.0
May22,45 to 49,2022-05-31,1407.0,2568.0,904.0,512.0,446.0,205.0,125.0,265.0,6415.0
May22,5 to 9,2022-05-31,1918.0,2343.0,1280.0,449.0,475.0,98.0,142.0,261.0,6958.0
May22,50 to 54,2022-05-31,1177.0,1989.0,712.0,431.0,306.0,191.0,108.0,206.0,5101.0
May22,55 to 59,2022-05-31,716.0,1224.0,440.0,252.0,198.0,158.0,73.0,155.0,3202.0
May22,60 to 64,2022-05-31,491.0,728.0,296.0,148.0,113.0,114.0,34.0,109.0,2031.0
May22,65+,2022-05-31,699.0,1206.0,339.0,260.0,130.0,211.0,44.0,128.0,3014.0
May23,0 to 4,2023-05-31,2224.0,2316.0,1758.0,633.0,700.0,115.0,141.0,261.0,8139.0
May23,10 to 14,2023-05-31,1739.0,1994.0,1256.0,442.0,457.0,71.0,105.0,174.0,6236.0
May23,15 to 19,2023-05-31,3293.0,2775.0,1616.0,586.0,777.0,338.0,205.0,247.0,9815.0
May23,20 to 24,2023-05-31,2897.0,2982.0,1595.0,598.0,786.0,305.0,207.0,279.0,9616.0
May23,25 to 29,2023-05-31,1749.0,2862.0,1280.0,594.0,668.0,252.0,156.0,239.0,7775.0
May23,30 to 34,2023-05-31,1740.0,3376.0,1392.0,724.0,692.0,217.0,199.0,291.0,8608.0
May23,35 to 39,2023-05-31,1796.0,3418.0,1393.0,750.0,681.0,223.0,193.0,324.0,8755.0
May23,40 to 44,2023-05-31,1825.0,3137.0,1332.0,704.0,580.0,241.0,165.0,300.0,8269.0
May23,45 to 49,2023-05-31,1442.0,2511.0,1047.0,587.0,475.0,166.0,121.0,252.0,6583.0
May23,5 to 9,2023-05-31,1912.0,2381.0,1535.0,532.0,572.0,78.0,149.0,201.0,7352.0
May23,50 to 54,2023-05-31,1266.0,1983.0,913.0,518.0,353.0,162.0,114.0,226.0,5516.0
May23,55 to 59,2023-05-31,780.0,1317.0,545.0,327.0,209.0,124.0,82.0,164.0,3541.0
May23,60 to 64,2023-05-31,587.0,886.0,358.0,193.0,140.0,107.0,53.0,107.0,2425.0
May23,65+,2023-05-31,786.0,1301.0,508.0,289.0,157.0,221.0,57.0,121.0,3436.0
Nov17,0 to 4,2017-11-30,2248.0,2489.0,1431.0,545.0,577.0,120.0,185.0,345.0,7931.0
Nov17,10 to 14,2017-11-30,1697.0,1656.0,837.0,371.0,352.0,64.0,94.0,356.0,5420.0
Nov17,15 to 19,2017-11-30,3449.0,2970.0,1184.0,599.0,804.0,311.0,200.0,327.0,9819.0
Nov17,20 to 24,2017-11-30,2647.0,3367.0,1017.0,541.0,853.0,285.0,222.0,229.0,9115.0
Nov17,25 to 29,2017-11-30,1539.0,2956.0,870.0,519.0,586.0,206.0,158.0,230.0,7045.0
Nov17,30 to 34,2017-11-30,1708.0,3290.0,952.0,581.0,706.0,207.0,134.0,258.0,7806.0
Nov17,35 to 39,2017-11-30,1863.0,3210.0,958.0,646.0,576.0,227.0,162.0,244.0,7866.0
Nov17,40 to 44,2017-11-30,1760.0,2862.0,912.0,561.0,506.0,197.0,124.0,223.0,7123.0
Nov17,45 to 49,2017-11-30,1439.0,2421.0,694.0,463.0,414.0,172.0,83.0,183.0,5852.0
Nov17,5 to 9,2017-11-30,1667.0,2016.0,1089.0,450.0,426.0,91.0,116.0,352.0,6191.0
Nov17,50 to 54,2017-11-30,1048.0,1620.0,468.0,306.0,242.0,131.0,66.0,166.0,4036.0
Nov17,55 to 59,2017-11-30,698.0,985.0,299.0,182.0,176.0,75.0,39.0,118.0,2565.0
Nov17,60 to 64,2017-11-30,440.0,688.0,160.0,115.0,100.0,46.0,30.0,91.0,1666.0
Nov17,65+,2017-11-30,508.0,1202.0,177.0,164.0,82.0,72.0,24.0,93.0,2319.0
Nov18,0 to 4,2018-11-30,2413.0,2735.0,1528.0,580.0,659.0,88.0,212.0,322.0,8530.0
Nov18,10 to 14,2018-11-30,1797.0,1993.0,973.0,390.0,385.0,73.0,75.0,291.0,5963.0
Nov18,15 to 19,2018-11-30,3551.0,2963.0,1402.0,616.0,821.0,337.0,199.0,303.0,10177.0
Nov18,20 to 24,2018-11-30,2780.0,3300.0,1168.0,556.0,778.0,301.0,191.0,307.0,9355.0
Nov18,25 to 29,2018-11-30,1684.0,3104.0,931.0,534.0,621.0,224.0,165.0,235.0,7472.0
Nov18,30 to 34,2018-11-30,1770.0,3292.0,1050.0,619.0,678.0,220.0,155.0,248.0,7982.0
Nov18,35 to 39,2018-11-30,1879.0,3315.0,1068.0,653.0,637.0,243.0,145.0,260.0,8174.0
Nov18,40 to 44,2018-11-30,1758.0,2850.0,942.0,531.0,517.0,194.0,115.0,244.0,7124.0
Nov18,45 to 49,2018-11-30,1602.0,2446.0,803.0,462.0,419.0,189.0,82.0,217.0,6202.0
Nov18,5 to 9,2018-11-30,1753.0,2406.0,1211.0,450.0,485.0,91.0,120.0,332.0,6835.0
Nov18,50 to 54,2018-11-30,1145.0,1655.0,574.0,277.0,266.0,167.0,66.0,160.0,4298.0
Nov18,55 to 59,2018-11-30,739.0,1008.0,359.0,231.0,169.0,100.0,51.0,125.0,2773.0
Nov18,60 to 64,2018-11-30,441.0,689.0,202.0,132.0,102.0,55.0,27.0,105.0,1750.0
Nov18,65+,2018-11-30,543.0,1078.0,226.0,181.0,81.0,94.0,26.0,110.0,2332.0
Nov19,0 to 4,2019-11-30,2248.0,2708.0,1545.0,594.0,619.0,83.0,189.0,291.0,8272.0
Nov19,10 to 14,2019-11-30,1667.0,2093.0,987.0,445.0,392.0,64.0,98.0,408.0,6145.0
Nov19,15 to 19,2019-11-30,3434.0,2916.0,1354.0,661.0,835.0,328.0,213.0,412.0,10127.0
Nov19,20 to 24,2019-11-30,2955.0,3184.0,1185.0,586.0,835.0,319.0,162.0,257.0,9460.0
Nov19,25 to 29,2019-11-30,1692.0,3026.0,1003.0,564.0,536.0,225.0,160.0,236.0,7420.0
Nov19,30 to 34,2019-11-30,1813.0,3151.0,994.0,692.0,610.0,233.0,167.0,243.0,7871.0
Nov19,35 to 39,2019-11-30,1852.0,3293.0,1059.0,652.0,589.0,257.0,173.0,293.0,8134.0
Nov19,40 to 44,2019-11-30,1641.0,2940.0,906.0,560.0,444.0,205.0,142.0,222.0,7038.0
Nov19,45 to 49,2019-11-30,1647.0,2550.0,739.0,489.0,360.0,194.0,102.0,188.0,6257.0
Nov19,5 to 9,2019-11-30,1594.0,2566.0,1171.0,479.0,393.0,71.0,126.0,266.0,6659.0
Nov19,50 to 54,2019-11-30,1141.0,1731.0,524.0,334.0,234.0,150.0,85.0,174.0,4364.0
Nov19,55 to 59,2019-11-30,747.0,1125.0,345.0,200.0,180.0,107.0,56.0,123.0,2875.0
Nov19,60 to 64,2019-11-30,397.0,775.0,222.0,141.0,96.0,48.0,30.0,82.0,1789.0
Nov19,65+,2019-11-30,517.0,1182.0,214.0,188.0,74.0,85.0,32.0,76.0,2367.0
Nov20,0 to 4,2020-11-30,2424.0,2306.0,1435.0,552.0,576.0,107.0,189.0,329.0,7909.0
Nov20,10 to 14,2020-11-30,1810.0,1784.0,1010.0,451.0,361.0,96.0,121.0,353.0,5983.0
Nov20,15 to 19,2020-11-30,3371.0,2714.0,1480.0,712.0,796.0,339.0,229.0,359.0,9985.0
Nov20,20 to 24,2020-11-30,3123.0,3362.0,1189.0,605.0,817.0,323.0,204.0,297.0,9908.0
Nov20,25 to 29,2020-11-30,1753.0,3299.0,1023.0,578.0,536.0,251.0,164.0,254.0,7840.0
Nov20,30 to 34,2020-11-30,1783.0,3564.0,1058.0,618.0,658.0,244.0,180.0,258.0,8334.0
Nov20,35 to 39,2020-11-30,1835.0,3719.0,1147.0,675.0,625.0,258.0,167.0,285.0,8690.0
Nov20,40 to 44,2020-11-30,1694.0,3152.0,994.0,553.0,497.0,188.0,141.0,237.0,7439.0
Nov20,45 to 49,2020-11-30,1564.0,2634.0,823.0,477.0,416.0,198.0,116.0,188.0,6409.0
Nov20,5 to 9,2020-11-30,1858.0,2161.0,1258.0,441.0,422.0,102.0,148.0,309.0,6689.0
Nov20,50 to 54,2020-11-30,1179.0,1858.0,586.0,385.0,271.0,140.0,82.0,173.0,4667.0
Nov20,55 to 59,2020-11-30,688.0,1198.0,367.0,247.0,183.0,104.0,52.0,144.0,2980.0
Nov20,60 to 64,2020-11-30,462.0,704.0,235.0,158.0,97.0,64.0,31.0,91.0,1838.0
Nov20,65+,2020-11-30,564.0,1118.0,246.0,201.0,103.0,94.0,30.0,95.0,2451.0
Nov21,0 to 4,2021-11-30,2486.0,2292.0,1522.0,598.0,596.0,122.0,154.0,285.0,8052.0
Nov21,10 to 14,2021-11-30,1854.0,1772.0,1098.0,464.0,390.0,90.0,116.0,346.0,6127.0
Nov21,15 to 19,2021-11-30,3383.0,2573.0,1443.0,608.0,821.0,298.0,238.0,336.0,9684.0
Nov21,20 to 24,2021-11-30,3017.0,3137.0,1431.0,625.0,790.0,352.0,203.0,264.0,9802.0
Nov21,25 to 29,2021-11-30,1846.0,3205.0,1138.0,575.0,646.0,262.0,184.0,275.0,8118.0
Nov21,30 to 34,2021-11-30,1830.0,3563.0,1207.0,685.0,645.0,237.0,194.0,287.0,8623.0
Nov21,35 to 39,2021-11-30,1886.0,3612.0,1250.0,738.0,637.0,240.0,184.0,336.0,8857.0
Nov21,40 to 44,2021-11-30,1680.0,3272.0,1074.0,654.0,542.0,238.0,177.0,260.0,7878.0
Nov21,45 to 49,2021-11-30,1418.0,2655.0,904.0,543.0,428.0,209.0,123.0,222.0,6491.0
Nov21,5 to 9,2021-11-30,1973.0,2189.0,1344.0,484.0,477.0,86.0,164.0,319.0,7030.0
Nov21,50 to 54,2021-11-30,1141.0,1985.0,684.0,438.0,307.0,183.0,98.0,206.0,5031.0
Nov21,55 to 59,2021-11-30,722.0,1216.0,437.0,252.0,200.0,146.0,58.0,172.0,3195.0
Nov21,60 to 64,2021-11-30,443.0,741.0,268.0,159.0,129.0,92.0,39.0,102.0,1969.0
Nov21,65+,2021-11-30,559.0,1168.0,331.0,253.0,128.0,164.0,44.0,117.0,2764.0
Nov22,0 to 4,2022-11-30,2311.0,2224.0,1595.0,595.0,645.0,131.0,153.0,269.0,7916.0
Nov22,10 to 14,2022-11-30,1727.0,1904.0,1171.0,439.0,428.0,81.0,130.0,204.0,6082.0
Nov22,15 to 19,2022-11-30,3231.0,2601.0,1504.0,533.0,782.0,299.0,240.0,248.0,9415.0
Nov22,20 to 24,2022-11-30,2851.0,2939.0,1487.0,576.0,767.0,354.0,219.0,277.0,9440.0
Nov22,25 to 29,2022-11-30,1834.0,2825.0,1128.0,606.0,631.0,279.0,149.0,270.0,7704.0
Nov22,30 to 34,2022-11-30,1697.0,3327.0,1312.0,691.0,650.0,257.0,201.0,344.0,8457.0
Nov22,35 to 39,2022-11-30,1750.0,3280.0,1241.0,746.0,649.0,243.0,211.0,352.0,8449.0
Nov22,40 to 44,2022-11-30,1730.0,3071.0,1163.0,642.0,511.0,247.0,188.0,319.0,7842.0
Nov22,45 to 49,2022-11-30,1464.0,2512.0,959.0,544.0,425.0,193.0,127.0,264.0,6468.0
Nov22,5 to 9,2022-11-30,1781.0,2232.0,1378.0,519.0,497.0,79.0,160.0,232.0,6873.0
Nov22,50 to 54,2022-11-30,1179.0,1906.0,747.0,462.0,347.0,174.0,114.0,227.0,5146.0
Nov22,55 to 59,2022-11-30,754.0,1231.0,503.0,300.0,204.0,148.0,70.0,190.0,3392.0
Nov22,60 to 64,2022-11-30,509.0,817.0,304.0,175.0,132.0,113.0,43.0,100.0,2184.0
Nov22,65+,2022-11-30,739.0,1208.0,405.0,246.0,134.0,220.0,57.0,138.0,3141.0
Oct17,0 to 4,2017-10-31,2209.0,2430.0,1436.0,566.0,561.0,139.0,193.0,368.0,7894.0
Oct17,10 to 14,2017-10-31,1609.0,1633.0,778.0,359.0,352.0,63.0,90.0,358.0,5237.0
Oct17,15 to 19,2017-10-31,3333.0,2988.0,1158.0,622.0,819.0,324.0,184.0,313.0,9719.0
Oct17,20 to 24,2017-10-31,2637.0,3385.0,1000.0,551.0,848.0,281.0,216.0,228.0,9111.0
Oct17,25 to 29,2017-10-31,1550.0,2964.0,843.0,508.0,540.0,208.0,155.0,232.0,6973.0
Oct17,30 to 34,2017-10-31,1664.0,3279.0,976.0,605.0,681.0,199.0,127.0,238.0,7741.0
Oct17,35 to 39,2017-10-31,1778.0,3210.0,931.0,650.0,570.0,224.0,160.0,209.0,7707.0
Oct17,40 to 44,2017-10-31,1686.0,2795.0,881.0,551.0,494.0,194.0,123.0,233.0,6925.0
Oct17,45 to 49,2017-10-31,1444.0,2376.0,660.0,479.0,400.0,177.0,85.0,182.0,5785.0
Oct17,5 to 9,2017-10-31,1585.0,1968.0,1073.0,446.0,414.0,87.0,119.0,335.0,6020.0
Oct17,50 to 54,2017-10-31,1031.0,1571.0,484.0,306.0,256.0,128.0,68.0,156.0,3988.0
Oct17,55 to 59,2017-10-31,653.0,992.0,279.0,179.0,169.0,77.0,40.0,106.0,2489.0
Oct17,60 to 64,2017-10-31,446.0,713.0,153.0,121.0,90.0,50.0,31.0,88.0,1683.0
Oct17,65+,2017-10-31,490.0,1260.0,172.0,159.0,87.0,68.0,25.0,91.0,2346.0
Oct18,0 to 4,2018-10-31,2428.0,2663.0,1527.0,587.0,678.0,89.0,206.0,295.0,8471.0
Oct18,10 to 14,2018-10-31,1747.0,1821.0,1023.0,421.0,386.0,58.0,77.0,320.0,5848.0
Oct18,15 to 19,2018-10-31,3713.0,3015.0,1411.0,641.0,762.0,334.0,198.0,294.0,10353.0
Oct18,20 to 24,2018-10-31,2771.0,3396.0,1194.0,583.0,786.0,302.0,178.0,277.0,9462.0
Oct18,25 to 29,2018-10-31,1708.0,3093.0,959.0,538.0,616.0,218.0,150.0,222.0,7482.0
Oct18,30 to 34,2018-10-31,1733.0,3348.0,1055.0,632.0,674.0,214.0,142.0,243.0,8010.0
Oct18,35 to 39,2018-10-31,1821.0,3310.0,1071.0,676.0,622.0,256.0,145.0,266.0,8141.0
Oct18,40 to 44,2018-10-31,1753.0,2859.0,942.0,574.0,517.0,199.0,119.0,251.0,7190.0
Oct18,45 to 49,2018-10-31,1585.0,2433.0,851.0,466.0,416.0,207.0,90.0,224.0,6242.0
Oct18,5 to 9,2018-10-31,1790.0,2187.0,1197.0,462.0,468.0,77.0,115.0,308.0,6591.0
Oct18,50 to 54,2018-10-31,1139.0,1692.0,554.0,317.0,261.0,154.0,67.0,171.0,4343.0
Oct18,55 to 59,2018-10-31,740.0,1081.0,386.0,205.0,172.0,90.0,52.0,132.0,2845.0
Oct18,60 to 64,2018-10-31,425.0,726.0,201.0,113.0,108.0,53.0,23.0,103.0,1749.0
Oct18,65+,2018-10-31,538.0,1114.0,239.0,182.0,77.0,88.0,25.0,117.0,2376.0
Oct19,0 to 4,2019-10-31,2260.0,2808.0,1511.0,573.0,616.0,87.0,186.0,275.0,8311.0
Oct19,10 to 14,2019-10-31,1675.0,2145.0,958.0,419.0,417.0,64.0,94.0,435.0,6203.0
Oct19,15 to 19,2019-10-31,3337.0,2995.0,1342.0,652.0,848.0,352.0,225.0,420.0,10147.0
Oct19,20 to 24,2019-10-31,2935.0,3298.0,1246.0,562.0,850.0,328.0,165.0,280.0,9631.0
Oct19,25 to 29,2019-10-31,1713.0,3142.0,989.0,516.0,566.0,230.0,159.0,231.0,7525.0
Oct19,30 to 34,2019-10-31,1743.0,3191.0,974.0,659.0,649.0,229.0,174.0,260.0,7861.0
Oct19,35 to 39,2019-10-31,1898.0,3356.0,1036.0,688.0,601.0,263.0,159.0,297.0,8266.0
Oct19,40 to 44,2019-10-31,1638.0,2946.0,908.0,578.0,474.0,201.0,147.0,225.0,7093.0
Oct19,45 to 49,2019-10-31,1631.0,2592.0,797.0,510.0,387.0,197.0,101.0,197.0,6389.0
Oct19,5 to 9,2019-10-31,1600.0,2595.0,1123.0,466.0,411.0,54.0,124.0,283.0,6651.0
Oct19,50 to 54,2019-10-31,1121.0,1756.0,531.0,348.0,277.0,157.0,85.0,177.0,4442.0
Oct19,55 to 59,2019-10-31,746.0,1147.0,337.0,226.0,163.0,103.0,53.0,113.0,2884.0
Oct19,60 to 64,2019-10-31,415.0,788.0,209.0,141.0,84.0,46.0,31.0,94.0,1805.0
Oct19,65+,2019-10-31,511.0,1253.0,207.0,176.0,91.0,81.0,31.0,85.0,2431.0
Oct20,0 to 4,2020-10-31,2426.0,2333.0,1438.0,569.0,592.0,80.0,190.0,288.0,7908.0
Oct20,10 to 14,2020-10-31,1690.0,1739.0,1025.0,472.0,382.0,94.0,122.0,375.0,5893.0
Oct20,15 to 19,2020-10-31,3288.0,2743.0,1457.0,713.0,817.0,337.0,226.0,364.0,9925.0
Oct20,20 to 24,2020-10-31,3119.0,3397.0,1210.0,612.0,864.0,327.0,204.0,270.0,9985.0
Oct20,25 to 29,2020-10-31,1733.0,3305.0,1038.0,575.0,519.0,242.0,180.0,240.0,7814.0
Oct20,30 to 34,2020-10-31,1756.0,3529.0,1087.0,662.0,658.0,216.0,171.0,252.0,8307.0
Oct20,35 to 39,2020-10-31,1844.0,3612.0,1175.0,667.0,627.0,233.0,156.0,286.0,8580.0
Oct20,40 to 44,2020-10-31,1619.0,3083.0,1011.0,557.0,500.0,195.0,150.0,227.0,7328.0
Oct20,45 to 49,2020-10-31,1516.0,2655.0,866.0,491.0,433.0,196.0,122.0,182.0,6453.0
Oct20,5 to 9,2020-10-31,1830.0,2165.0,1209.0,447.0,415.0,89.0,153.0,278.0,6579.0
Oct20,50 to 54,2020-10-31,1135.0,1811.0,597.0,374.0,284.0,148.0,90.0,171.0,4604.0
Oct20,55 to 59,2020-10-31,695.0,1193.0,373.0,248.0,181.0,102.0,55.0,134.0,2976.0
Oct20,60 to 64,2020-10-31,458.0,727.0,226.0,146.0,92.0,60.0,34.0,95.0,1835.0
Oct20,65+,2020-10-31,557.0,1058.0,256.0,221.0,115.0,89.0,34.0,92.0,2420.0
Oct21,0 to 4,2021-10-31,2423.0,2358.0,1524.0,621.0,573.0,121.0,160.0,278.0,8051.0
Oct21,10 to 14,2021-10-31,1824.0,1771.0,1098.0,505.0,434.0,92.0,116.0,352.0,6187.0
Oct21,15 to 19,2021-10-31,3322.0,2621.0,1447.0,644.0,799.0,306.0,239.0,332.0,9695.0
Oct21,20 to 24,2021-10-31,3003.0,3182.0,1382.0,641.0,772.0,338.0,206.0,280.0,9787.0
Oct21,25 to 29,2021-10-31,1806.0,3165.0,1058.0,568.0,605.0,265.0,171.0,274.0,7895.0
Oct21,30 to 34,2021-10-31,1749.0,3578.0,1168.0,672.0,636.0,256.0,189.0,299.0,8528.0
Oct21,35 to 39,2021-10-31,1812.0,3617.0,1193.0,704.0,619.0,236.0,186.0,370.0,8713.0
Oct21,40 to 44,2021-10-31,1652.0,3315.0,1047.0,648.0,496.0,234.0,171.0,266.0,7814.0
Oct21,45 to 49,2021-10-31,1386.0,2718.0,854.0,505.0,418.0,205.0,122.0,241.0,6440.0
Oct21,5 to 9,2021-10-31,1968.0,2223.0,1301.0,524.0,484.0,87.0,169.0,320.0,7072.0
Oct21,50 to 54,2021-10-31,1094.0,2041.0,671.0,428.0,285.0,175.0,94.0,223.0,5005.0
Oct21,55 to 59,2021-10-31,708.0,1231.0,417.0,257.0,182.0,145.0,62.0,174.0,3170.0
Oct21,60 to 64,2021-10-31,468.0,749.0,266.0,170.0,117.0,88.0,33.0,108.0,1998.0
Oct21,65+,2021-10-31,539.0,1111.0,323.0,236.0,123.0,167.0,43.0,134.0,2675.0
Oct22,0 to 4,2022-10-31,2300.0,2265.0,1576.0,602.0,651.0,133.0,146.0,248.0,7911.0
Oct22,10 to 14,2022-10-31,1657.0,1874.0,1163.0,418.0,429.0,69.0,125.0,193.0,5923.0
Oct22,15 to 19,2022-10-31,3126.0,2615.0,1482.0,569.0,831.0,297.0,229.0,249.0,9380.0
Oct22,20 to 24,2022-10-31,2838.0,2951.0,1426.0,601.0,755.0,352.0,220.0,268.0,9380.0
Oct22,25 to 29,2022-10-31,1766.0,2862.0,1110.0,584.0,605.0,257.0,155.0,246.0,7566.0
Oct22,30 to 34,2022-10-31,1705.0,3323.0,1260.0,693.0,670.0,252.0,194.0,324.0,8395.0
Oct22,35 to 39,2022-10-31,1758.0,3307.0,1217.0,706.0,647.0,242.0,196.0,355.0,8408.0
Oct22,40 to 44,2022-10-31,1707.0,3087.0,1082.0,597.0,531.0,248.0,183.0,327.0,7739.0
Oct22,45 to 49,2022-10-31,1399.0,2508.0,949.0,494.0,423.0,194.0,121.0,265.0,6334.0
Oct22,5 to 9,2022-10-31,1696.0,2184.0,1401.0,513.0,525.0,92.0,159.0,196.0,6757.0
Oct22,50 to 54,2022-10-31,1149.0,1905.0,748.0,436.0,350.0,194.0,110.0,217.0,5091.0
Oct22,55 to 59,2022-10-31,732.0,1248.0,507.0,275.0,200.0,152.0,73.0,182.0,3360.0
Oct22,60 to 64,2022-10-31,502.0,808.0,307.0,164.0,149.0,124.0,37.0,100.0,2187.0
Oct22,65+,2022-10-31,707.0,1168.0,404.0,249.0,130.0,211.0,59.0,130.0,3051.0
Sep17,0 to 4,2017-09-30,2194.0,2329.0,1412.0,524.0,571.0,125.0,184.0,335.0,7663.0
Sep17,10 to 14,2017-09-30,1687.0,1588.0,799.0,322.0,352.0,67.0,92.0,284.0,5183.0
Sep17,15 to 19,2017-09-30,3206.0,2834.0,1169.0,598.0,830.0,315.0,184.0,318.0,9434.0
Sep17,20 to 24,2017-09-30,2611.0,3219.0,1022.0,540.0,848.0,285.0,204.0,213.0,8917.0
Sep17,25 to 29,2017-09-30,1562.0,2852.0,828.0,494.0,544.0,224.0,144.0,217.0,6851.0
Sep17,30 to 34,2017-09-30,1639.0,3166.0,979.0,592.0,665.0,193.0,122.0,240.0,7566.0
Sep17,35 to 39,2017-09-30,1704.0,3129.0,931.0,599.0,594.0,221.0,156.0,212.0,7523.0
Sep17,40 to 44,2017-09-30,1710.0,2693.0,863.0,500.0,511.0,173.0,112.0,219.0,6753.0
Sep17,45 to 49,2017-09-30,1452.0,2290.0,704.0,442.0,407.0,171.0,96.0,168.0,5712.0
Sep17,5 to 9,2017-09-30,1614.0,1974.0,1082.0,405.0,411.0,99.0,113.0,303.0,5994.0
Sep17,50 to 54,2017-09-30,1056.0,1548.0,470.0,298.0,242.0,129.0,75.0,142.0,3943.0
Sep17,55 to 59,2017-09-30,662.0,986.0,289.0,177.0,165.0,76.0,37.0,102.0,2490.0
Sep17,60 to 64,2017-09-30,425.0,701.0,179.0,92.0,81.0,59.0,25.0,86.0,1643.0
Sep17,65+,2017-09-30,517.0,1229.0,189.0,153.0,91.0,61.0,24.0,80.0,2340.0
Sep18,0 to 4,2018-09-30,2425.0,2515.0,1455.0,532.0,635.0,93.0,206.0,307.0,8157.0
Sep18,10 to 14,2018-09-30,1777.0,1774.0,976.0,372.0,365.0,61.0,77.0,293.0,5688.0
Sep18,15 to 19,2018-09-30,3376.0,2880.0,1372.0,587.0,766.0,336.0,210.0,293.0,9800.0
Sep18,20 to 24,2018-09-30,2683.0,3170.0,1117.0,557.0,771.0,286.0,177.0,239.0,8973.0
Sep18,25 to 29,2018-09-30,1652.0,2996.0,889.0,525.0,565.0,195.0,170.0,226.0,7195.0
Sep18,30 to 34,2018-09-30,1645.0,3145.0,1001.0,595.0,673.0,214.0,133.0,246.0,7626.0
Sep18,35 to 39,2018-09-30,1786.0,3148.0,1076.0,625.0,606.0,249.0,143.0,243.0,7855.0
Sep18,40 to 44,2018-09-30,1727.0,2727.0,904.0,513.0,511.0,187.0,112.0,227.0,6878.0
Sep18,45 to 49,2018-09-30,1563.0,2369.0,806.0,410.0,408.0,198.0,89.0,222.0,6038.0
Sep18,5 to 9,2018-09-30,1783.0,2071.0,1129.0,407.0,409.0,86.0,117.0,298.0,6291.0
Sep18,50 to 54,2018-09-30,1115.0,1534.0,538.0,294.0,265.0,158.0,74.0,177.0,4144.0
Sep18,55 to 59,2018-09-30,704.0,1026.0,356.0,184.0,164.0,87.0,52.0,130.0,2696.0
Sep18,60 to 64,2018-09-30,405.0,658.0,186.0,119.0,97.0,59.0,23.0,110.0,1656.0
Sep18,65+,2018-09-30,497.0,1068.0,202.0,172.0,79.0,80.0,28.0,113.0,2237.0
Sep19,0 to 4,2019-09-30,2272.0,2699.0,1531.0,602.0,625.0,98.0,180.0,277.0,8280.0
Sep19,10 to 14,2019-09-30,1669.0,2076.0,943.0,436.0,390.0,64.0,84.0,411.0,6069.0
Sep19,15 to 19,2019-09-30,3315.0,2966.0,1341.0,634.0,800.0,352.0,233.0,444.0,10066.0
Sep19,20 to 24,2019-09-30,2912.0,3175.0,1208.0,552.0,823.0,335.0,150.0,270.0,9399.0
Sep19,25 to 29,2019-09-30,1677.0,2980.0,906.0,504.0,592.0,230.0,148.0,207.0,7217.0
Sep19,30 to 34,2019-09-30,1757.0,3103.0,987.0,652.0,647.0,227.0,160.0,238.0,7743.0
Sep19,35 to 39,2019-09-30,1919.0,3232.0,1019.0,610.0,594.0,262.0,160.0,273.0,8048.0
Sep19,40 to 44,2019-09-30,1691.0,2826.0,878.0,527.0,479.0,209.0,128.0,213.0,6930.0
Sep19,45 to 49,2019-09-30,1619.0,2488.0,761.0,484.0,376.0,198.0,100.0,185.0,6195.0
Sep19,5 to 9,2019-09-30,1588.0,2489.0,1070.0,456.0,430.0,58.0,114.0,262.0,6465.0
Sep19,50 to 54,2019-09-30,1121.0,1699.0,543.0,335.0,278.0,151.0,82.0,160.0,4360.0
Sep19,55 to 59,2019-09-30,714.0,1074.0,341.0,218.0,166.0,99.0,54.0,105.0,2769.0
Sep19,60 to 64,2019-09-30,426.0,714.0,209.0,130.0,85.0,47.0,30.0,86.0,1726.0
Sep19,65+,2019-09-30,524.0,1158.0,213.0,164.0,108.0,78.0,27.0,77.0,2347.0
Sep20,0 to 4,2020-09-30,2429.0,2378.0,1439.0,534.0,602.0,82.0,190.0,297.0,7948.0
Sep20,10 to 14,2020-09-30,1682.0,1716.0,985.0,401.0,384.0,87.0,127.0,339.0,5719.0
Sep20,15 to 19,2020-09-30,3261.0,2762.0,1475.0,659.0,847.0,334.0,231.0,329.0,9878.0
Sep20,20 to 24,2020-09-30,3081.0,3419.0,1235.0,591.0,839.0,320.0,212.0,261.0,9945.0
Sep20,25 to 29,2020-09-30,1714.0,3332.0,1088.0,561.0,574.0,247.0,163.0,226.0,7886.0
Sep20,30 to 34,2020-09-30,1787.0,3540.0,1092.0,628.0,669.0,235.0,182.0,249.0,8358.0
Sep20,35 to 39,2020-09-30,1841.0,3619.0,1179.0,654.0,672.0,234.0,164.0,292.0,8632.0
Sep20,40 to 44,2020-09-30,1655.0,3129.0,1052.0,529.0,510.0,185.0,152.0,231.0,7430.0
Sep20,45 to 49,2020-09-30,1497.0,2618.0,898.0,476.0,454.0,189.0,118.0,186.0,6427.0
Sep20,5 to 9,2020-09-30,1814.0,2191.0,1202.0,423.0,412.0,88.0,153.0,290.0,6569.0
Sep20,50 to 54,2020-09-30,1171.0,1900.0,599.0,347.0,285.0,148.0,95.0,177.0,4718.0
Sep20,55 to 59,2020-09-30,698.0,1222.0,372.0,233.0,190.0,105.0,58.0,141.0,3014.0
Sep20,60 to 64,2020-09-30,438.0,773.0,241.0,147.0,98.0,55.0,30.0,93.0,1873.0
Sep20,65+,2020-09-30,550.0,1061.0,247.0,188.0,114.0,92.0,30.0,85.0,2367.0
Sep21,0 to 4,2021-09-30,2405.0,2328.0,1483.0,603.0,532.0,112.0,160.0,295.0,7912.0
Sep21,10 to 14,2021-09-30,1799.0,1716.0,1022.0,497.0,387.0,89.0,112.0,351.0,5971.0
Sep21,15 to 19,2021-09-30,3315.0,2620.0,1466.0,635.0,761.0,314.0,244.0,369.0,9699.0
Sep21,20 to 24,2021-09-30,3002.0,3171.0,1401.0,633.0,764.0,328.0,187.0,278.0,9741.0
Sep21,25 to 29,2021-09-30,1800.0,3226.0,1091.0,583.0,605.0,278.0,167.0,290.0,8027.0
Sep21,30 to 34,2021-09-30,1748.0,3591.0,1171.0,691.0,615.0,235.0,177.0,321.0,8526.0
Sep21,35 to 39,2021-09-30,1845.0,3658.0,1198.0,725.0,614.0,252.0,173.0,334.0,8774.0
Sep21,40 to 44,2021-09-30,1706.0,3376.0,1032.0,632.0,507.0,237.0,171.0,254.0,7905.0
Sep21,45 to 49,2021-09-30,1476.0,2744.0,875.0,472.0,412.0,208.0,124.0,213.0,6513.0
Sep21,5 to 9,2021-09-30,1941.0,2150.0,1261.0,480.0,425.0,74.0,167.0,325.0,6821.0
Sep21,50 to 54,2021-09-30,1099.0,2024.0,670.0,414.0,304.0,176.0,89.0,198.0,4968.0
Sep21,55 to 59,2021-09-30,727.0,1226.0,428.0,264.0,192.0,130.0,58.0,160.0,3181.0
Sep21,60 to 64,2021-09-30,463.0,758.0,280.0,173.0,122.0,93.0,38.0,106.0,2032.0
Sep21,65+,2021-09-30,569.0,1127.0,316.0,222.0,117.0,168.0,43.0,147.0,2708.0
Sep22,0 to 4,2022-09-30,2364.0,2308.0,1552.0,600.0,650.0,123.0,153.0,247.0,7994.0
Sep22,10 to 14,2022-09-30,1692.0,1825.0,1132.0,424.0,450.0,66.0,125.0,182.0,5892.0
Sep22,15 to 19,2022-09-30,3106.0,2567.0,1457.0,591.0,804.0,300.0,228.0,248.0,9279.0
Sep22,20 to 24,2022-09-30,2845.0,2902.0,1448.0,615.0,754.0,350.0,224.0,274.0,9386.0
Sep22,25 to 29,2022-09-30,1739.0,2859.0,1087.0,566.0,632.0,265.0,150.0,235.0,7516.0
Sep22,30 to 34,2022-09-30,1706.0,3345.0,1198.0,667.0,705.0,244.0,198.0,324.0,8361.0
Sep22,35 to 39,2022-09-30,1793.0,3326.0,1187.0,659.0,670.0,253.0,190.0,312.0,8368.0
Sep22,40 to 44,2022-09-30,1686.0,3122.0,1076.0,589.0,560.0,253.0,183.0,323.0,7771.0
Sep22,45 to 49,2022-09-30,1392.0,2552.0,937.0,469.0,459.0,181.0,122.0,252.0,6349.0
Sep22,5 to 9,2022-09-30,1730.0,2197.0,1388.0,528.0,536.0,96.0,154.0,212.0,6836.0
Sep22,50 to 54,2022-09-30,1153.0,1931.0,750.0,416.0,362.0,205.0,117.0,212.0,5130.0
Sep22,55 to 59,2022-09-30,695.0,1230.0,470.0,266.0,207.0,154.0,70.0,175.0,3261.0
Sep22,60 to 64,2022-09-30,508.0,846.0,299.0,154.0,159.0,121.0,36.0,95.0,2215.0
Sep22,65+,2022-09-30,711.0,1185.0,399.0,237.0,138.0,210.0,66.0,130.0,3071.0
